parameters,mean,std,mcse,ess_bulk,ess_tail,rhat,ess_per_sec,2.5%,5.0%,50.0%,95.0%,97.5%,distribution
data[1],62.40759212378397,18.587052184675294,0.4513761623248591,1708.0465740617788,1648.9631055085506,1.0019839688427796,,31.370755754446503,35.198671974304915,60.805486045072186,95.07476720847717,101.58042642669109,posterior
data[2],74.41907989098694,19.979277937977923,0.4460390119077887,2030.0834948240824,1928.6828842012744,1.0008079824739986,,38.52903857923004,42.913167648362446,73.61458484759521,108.53328481850026,116.31738137892175,posterior
data[3],78.16888748526327,19.827756707069618,0.44504203167389117,1988.7173991323223,1920.7139533916888,1.0001049402569873,,40.54825759415133,46.91495711359692,77.56765108756011,111.17673804238629,118.70292614382493,posterior
data[4],79.36684419392803,19.368138032722733,0.45291707785405655,1850.9634372262028,1727.8442307685589,1.0033057925878346,,43.25882897280865,48.949896130369375,78.6638955334664,111.78758281447234,119.36577607349578,posterior
data[5],74.94387433407255,18.029602783026608,0.4032705856957418,1996.6840947971393,2198.5759567124965,1.0003102459240114,,40.19354879167675,45.781856785142146,74.61272807798119,104.46716014464715,110.25039245887787,posterior
data[6],68.37660191889871,16.100369525552352,0.40102297969693446,1630.0725608594225,1846.7814488550848,1.0031465304764131,,36.475009333492594,42.11388348349407,68.54161405736572,94.68213023508524,99.8070879736691,posterior
data[7],59.751495215956496,14.224017094094002,0.32010469622306065,1970.2441449534683,1870.84577303309,1.0010309974482838,,33.760082672037,37.30648141926946,59.061674938496125,84.6598324067808,89.1217705556536,posterior
data[8],53.36081269069889,12.556668315631514,0.2731437964876537,2120.6672813280557,1846.120161940807,1.000028542929849,,29.544366716333414,33.19285604340167,53.08025371537978,74.63978645849456,78.77255636569951,posterior
data[9],43.167331566872484,10.344878255797147,0.23081780217724732,2005.3218719849522,1931.012462607499,1.0033641752109803,,23.55226999667357,26.599771542664925,43.32476430898685,60.29253016044433,63.645592330480454,posterior
data[10],30.28235571828415,7.50939027840581,0.16858721620791556,1989.7152343456871,1854.9154257030139,0.9995164394580168,,16.12120615174391,18.305429285269867,30.140929107779023,42.970199403524276,45.403691143446125,posterior
data[11],18.298683270918197,4.628346396152518,0.11069842483407476,1760.9677015587313,2022.4548042816702,0.999587913366609,,10.335492625892234,11.338055610991942,17.9635735397245,26.097253185152507,27.93963637007645,posterior
data[12],15.201955419395885,3.9452950938607234,0.09019594670467755,1918.2580172926732,2042.3855239656689,1.0001619591208397,,7.957848030779531,8.979001533911326,15.187196055165717,21.57936528543008,23.219743041252332,posterior
data[16],152.59298624349978,40.53852441009788,0.8754995367484948,2116.0286638524985,1826.9429251842967,1.0002662368283721,,78.58674502749054,87.82615711663733,151.82862680980713,224.8287596368124,239.39304095032156,posterior
data[17],178.34039358020974,44.789896132580864,0.9877872924052746,2053.853022754424,1956.0596805198363,1.0010302534219777,,91.16966421697485,105.86680870589579,177.04927623617218,252.74604006016818,268.1502119117705,posterior
data[18],178.43519891115324,44.56550588758627,0.9952626004722694,2010.600796725663,1967.8832642565262,1.00011662225495,,93.80675311168076,106.75358231105876,177.18889820416408,253.06282536989477,269.4677494352917,posterior
data[19],168.96503184980048,39.48527630283226,0.9020965954530737,1940.4351397231378,1730.4440505726436,0.9997246630573657,,92.35029867209253,103.76300281047989,168.64200850067814,233.60958299226775,248.687801581731,posterior
data[20],152.8421451544226,37.45891834245262,0.8559549709252409,1920.7706405206095,1853.39272841489,1.0008660113259857,,81.24938685205137,92.66344841066557,152.00803494358416,216.06076811745453,230.09156443594082,posterior
data[21],141.00045217277705,33.899654039449324,0.7121069660958537,2255.620743124145,1828.6698520907198,0.9989370227421913,,76.18821529344117,86.95204873895241,139.68264389519084,197.54391414990792,209.67554031521203,posterior
data[22],129.20262533030916,30.236850298708355,0.673816982071486,2012.3992813173431,1972.4701712041458,1.000792560081487,,71.42302925806977,80.65942607173496,129.98433451624174,178.6276907062229,190.8674003293637,posterior
data[23],118.16811478400902,28.6868736961366,0.640581219074691,2006.0141976881764,2040.5584443444918,0.9996865644384657,,64.94616382521383,71.78989929956161,116.94641312181716,165.77613746318832,175.06724985325818,posterior
data[24],99.94320473802608,23.681842391546823,0.5304558994572838,1988.6624740967784,1923.715156261965,0.999858617019162,,54.27912410187757,61.19856461483622,99.81561756938241,138.67200173879513,145.6721266781197,posterior
data[25],74.48255780569265,18.017864080437953,0.4004965115347697,2009.0614351424185,2016.4117590790029,0.999320699720891,,41.29444751120417,45.72997139023639,74.09572834652793,104.5289571792503,110.12786493418939,posterior
data[26],49.11381696923978,12.195431989201541,0.2828979427055557,1932.8682108037603,1930.432270439969,0.9999064797550317,,25.56130318086208,29.786473756514617,48.98461735274792,69.73651027419322,73.79782866360101,posterior
data[27],42.1250507568505,10.233540443717938,0.22768524877408428,2027.4645956513782,1988.7239750341919,1.0003256836571162,,22.705638620378387,25.684367162662166,41.8631492134586,59.14845419927527,62.6948523166826,posterior
data[28],22.63428472856841,5.808188695070294,0.13000007293023882,1988.7620078407815,2007.91446463032,1.0010817021766736,,11.54692280324693,13.643512044490027,22.40189390814527,32.81654288666997,34.75370063420003,posterior
data[29],14.008056404732827,3.5801841718594427,0.08062566316867584,1984.638411022549,1947.8685637559304,1.0015825710580772,,7.118910676674623,8.393230441580359,13.870417872626124,20.045375837892355,21.477365199998637,posterior
data[31],194.14807859090243,52.10041697354675,1.2296304188340548,1716.3610098078875,1983.6690155303186,0.9997809902622,,103.50245408445225,116.22410832932744,190.7291790371292,283.30282057483174,304.4138046456015,posterior
data[32],219.940693273058,55.80351632269098,1.2799562034133396,1880.548493350168,2017.8619417858279,1.0012061488387907,,117.18837501589938,131.12088911734895,218.4378933235826,313.46911747568356,335.37505554847235,posterior
data[33],228.30818444199568,55.22673830971613,1.246931634510295,1956.9349815340606,1855.6456299995803,1.0008897642465335,,121.03963169172182,141.02364299598625,226.98729861477403,321.57050008538687,340.9873047124224,posterior
data[34],224.5517482556337,55.75363726111107,1.2684762158539276,1929.940459775248,1969.889627248334,1.001188076539187,,121.47579294456388,136.81878213451913,222.32345963110967,318.4050511323811,337.3482231359563,posterior
data[35],204.17517975676998,48.068811121818634,1.1001363287071773,1912.4140045007202,1782.9590427225385,1.0001360048530277,,112.63846424693905,127.35793659336446,202.06204836037003,286.3514133033202,302.1847194934037,posterior
data[36],180.14812684342604,44.84327110372527,0.9901162411860831,2060.303442580816,2009.3900525139788,0.9998653444039262,,93.27771173582806,108.17703801311949,179.73773592760776,256.96010973479554,272.3481830803548,posterior
data[37],163.5884840200537,37.59817730570139,0.8518364233260806,1944.042453211142,1860.7445449785855,0.999590911294393,,91.34505969359222,102.07661730598855,162.69184230876704,227.36531698676265,241.80741409130897,posterior
data[38],146.83932158693142,34.39799417685948,0.7349433714539981,2183.2472051978452,1933.7366497653009,0.9990446951548845,,80.85384246438534,91.16129878918773,144.9912017108042,204.30992912057297,216.34243018867534,posterior
data[39],121.23618903147269,28.939500992115224,0.6536614586773043,1940.2326782901139,2058.553627208833,1.0007173850254978,,64.71220362997133,74.65463983636775,121.2323385594174,170.63991681392443,181.00470668511701,posterior
data[40],86.47153711413364,20.656119545238393,0.46257175352233837,1983.4550922110898,1967.511208569856,1.0010393931830495,,47.879190776600716,53.58949240770046,86.09510440394031,119.25261040152034,126.58499077985822,posterior
data[41],51.38779082946861,12.20792678281607,0.2669457645009937,2090.705929245786,1973.0192069792272,1.0017449069694513,,28.258243179709535,31.965830061387265,51.26378003237306,71.80715923857272,75.39854746017676,posterior
data[42],42.75547189862294,10.307056422182994,0.22237985670365495,2142.276490286762,1931.1390286401763,1.0008482463684825,,22.92482719049368,25.900181497546683,42.618038660524405,59.889581200362535,64.15825512292334,posterior
data[43],20.516330826785495,5.232207795025582,0.12016554312758122,1900.8709042038568,1972.2293441107656,0.9998892262830253,,10.615359322887954,12.140737416241398,20.22636552361098,29.530610575329646,31.527567787604216,posterior
data[44],11.177728755983134,2.944807086734566,0.06622037548663155,1972.0732948866807,1686.9207359096793,1.0008661299259347,,5.812223829448099,6.582140523931714,11.024666493372706,16.126936118251237,17.186407618530136,posterior
data[46],112.94434685055053,34.71976934475105,0.8049138330795179,1921.08415856703,1738.8646016931611,0.9992878379019533,,54.658580571515266,63.78744170354338,109.48156990928223,175.59061782364304,191.86217602556565,posterior
data[47],168.8965195143328,44.37129286915649,1.0165566046137249,1907.1768934374484,1854.889904909669,0.999174159329907,,85.0651031663733,100.00758937902792,166.94194258808437,246.6028741119912,262.27344204777427,posterior
data[48],182.22117563835454,45.923963350274114,1.0486086097420437,1943.711307821208,1802.9180495151943,1.0009312014646239,,96.7182476472227,111.49113823717867,180.31380676721233,260.8828002030657,277.392199683443,posterior
data[49],192.29565520702832,46.938404389763235,1.0752011140410644,1904.463216648276,1728.0409439086006,1.0007588373274006,,106.49675154241574,118.99689340432093,191.30499215637434,272.5048878613686,290.48750422036915,posterior
data[50],186.65767853103526,45.59112524006187,1.0526424239458252,1879.4902977488875,1478.4689554051613,1.000133636774618,,96.50678962272157,111.38700851246075,186.88229247404496,262.2076071248567,277.4562511405627,posterior
data[51],174.45199504759807,41.13820590441075,0.938341843742354,1931.2966148441826,1838.7585254745368,1.0018927384387255,,94.13268583766254,108.35324644111518,174.11337675043205,244.18811513388314,256.737159010301,posterior
data[52],161.2851651308061,38.100756320458736,0.8568153737393392,1986.736646212178,1876.8518230563075,1.000868089125593,,92.84310648366461,100.78316325034054,159.20467354088296,226.21822567096012,240.07768673552718,posterior
data[53],147.91324998940698,37.40880487044452,0.8481189349637572,1947.549160766133,1655.6678597639254,0.9994189429532868,,79.03859270729899,87.79709104765973,146.70443674911323,211.18065839690573,223.79357072344507,posterior
data[54],125.37966366688838,30.8927659734517,0.6944938997046028,1976.741645521857,1920.221417590369,1.0016303617447997,,66.49078441001328,75.98155976964236,124.98036633666487,176.10545641463176,187.57050383900503,posterior
data[55],95.42195069658803,23.334766399636614,0.5135919344493773,2068.1798360785224,2011.3604144213011,1.001224414129639,,51.189944249459124,58.671328247557966,94.71363915662448,135.65631190809404,143.5543575391753,posterior
data[56],63.95987174891771,15.382599153025218,0.3474963909889709,1958.9751931646028,1849.6375413097683,1.0019202737137969,,34.23771763129966,38.91969546454997,63.86626776844966,89.0203590854538,94.93243181716925,posterior
data[57],55.31166563594794,13.472483743002156,0.30526878713223043,1954.950214063197,1928.564021490013,1.0006112678915449,,29.163198769148536,33.513846791091915,55.1938824743615,76.92382728938864,81.19309930208178,posterior
data[58],31.05891954379162,8.014242874419573,0.19015108064662334,1769.0692773538835,1893.07558840011,1.0001736414659843,,15.053683669089834,18.079401779141214,30.978477673634888,44.148742759135175,47.38786174704006,posterior
data[59],19.437306189923365,5.257988890964878,0.12142271944936422,1869.803706331475,1822.600034527527,1.0002514320719793,,10.15613314748735,11.428207269092313,19.073679087365157,28.65137181911318,30.6192569778552,posterior
data[61],397.12640939663606,103.55732920827514,2.2268562787376305,2140.2481449411584,1972.7867951814735,1.001101576515423,,202.45215112356883,232.72545169292994,391.5942147499459,568.9459020094762,613.490493459933,posterior
data[62],435.2371000968206,107.43654723599562,2.3509841396671907,2149.149014147574,1855.441427733657,0.9993317503220993,,226.6369785362124,263.5541760231651,429.55088447835897,615.4940713967449,650.1771201624798,posterior
data[63],439.8676306640571,103.99394803482198,2.3340520036386017,1966.5429363705734,1973.205195975541,1.0019621585842602,,249.7585067447524,275.78200368469066,435.85719909959323,615.0063287809362,646.0145614642745,posterior
data[64],424.25300029634593,100.24262007422415,2.117086635756134,2238.018106028682,2011.990825382593,0.9994553447197831,,237.90438897124747,260.77053806351,423.8564910633618,589.0967535978455,617.4909665725362,posterior
data[65],391.90938095926356,92.51436633208554,2.136156418950445,1874.4808556763537,1955.3368727908178,0.9998020942019648,,212.93138661411334,241.81762307822157,391.17013575217175,542.1120339513652,577.4728952514079,posterior
data[66],352.2256970903121,84.44453787257562,1.910449337658847,1947.2905342882555,1818.186969333688,0.999301608664271,,189.3260896004509,216.45986484771893,351.6970204731307,489.64391092751174,517.7071236437667,posterior
data[67],324.08673435123814,77.14476992700574,1.7259775885221214,2000.6210534125398,2054.444164676757,1.0008336565863942,,173.64065839664693,201.50039405971793,323.9593670394132,451.1412710634479,477.81128819045335,posterior
data[68],291.70018665041414,70.0225233620023,1.5828955222342498,1951.1602536012183,1970.714053319482,0.9998540484260311,,157.06488186391027,178.64375802855304,294.08285939022903,408.5950736188316,429.6838949216571,posterior
data[69],247.32537091600784,58.31971406115021,1.3127099828180646,1970.5878334478466,1727.4737855792882,0.9997580889933289,,135.7275220712046,153.06958450642543,246.49367456702834,346.68914490610797,365.35693942613125,posterior
data[70],180.64707010982127,43.247018361564464,0.9673660101624878,1986.929958422526,1936.9624160439557,0.9995868346809169,,99.53959091840531,112.5257234525874,179.0623516149264,253.41332779629246,268.8088089658218,posterior
data[71],119.36585027283692,28.31058228131105,0.6504567727929648,1893.4322642720615,1888.8778652268109,0.9991471032897791,,64.02113481908607,73.71855867222664,119.10184106241087,166.69186679179833,174.861006639765,posterior
data[72],102.06006990085467,24.242900475122816,0.5326988321498857,2067.114065790016,1879.7193191142476,0.9996732523337338,,53.65813875024694,61.36122499505469,101.80525247843454,141.6336446322671,150.4296109407452,posterior
data[73],54.66640334815657,14.150378062532743,0.31589968417551595,2000.6114065450272,1961.5300634634123,0.9995282749306412,,28.717820122053528,32.005267778500894,53.89778444738867,77.7269036286121,83.68736024928548,posterior
data[74],32.30704185646816,8.090425210012357,0.18563911528519553,1904.932751013265,2002.3862883304812,0.9995108367945252,,17.762668904429013,19.85733360263604,31.68101958641146,46.974487094652225,49.1380991669381,posterior
data[75],19.662683100798652,5.35511888434329,0.12598625850468484,1820.6217262086611,1664.5943884339142,1.000806974803629,,9.963426543798368,11.544636090074205,19.20608931383111,29.535577829603135,31.678745338040923,posterior
data[76],1624.2165432507456,443.88764085379967,10.079553282951494,1920.9206510527795,1914.476824217191,1.0015208406095018,,836.3504026158339,966.4644392269921,1591.2634793773236,2405.8682803610673,2599.622302426262,posterior
data[77],1884.5934837118034,462.7889287533801,10.180156348998398,2055.81737446541,2057.248906900361,1.0007869878670086,,995.2775757192034,1139.1438599307664,1886.322911823142,2631.945318326795,2821.801637975987,posterior
data[78],1921.5257370672698,468.07643282116294,9.970986323115529,2197.0338697382917,1933.383108432226,1.0002980101150665,,1076.460193188012,1189.3216545503537,1902.8066753300425,2728.116957889961,2909.889941817023,posterior
data[79],1894.3322154096404,456.3754767015018,9.819530934946933,2157.5185711504187,1816.7377026189783,1.0026303251014808,,1032.9313175457974,1153.8160477976487,1882.1940310663626,2661.3525847041788,2810.1397479257716,posterior
data[80],1773.645008653218,435.3858303955916,9.65900006974031,2030.909624013633,1483.0077758070709,1.000601291683038,,986.5704922977986,1092.0531506470336,1760.728358208254,2514.9822865715073,2665.74915939334,posterior
data[81],1607.5871293665616,391.76243123952565,8.759537279726155,1998.6112663833821,1931.987531981662,0.9991498882281127,,840.012194333111,978.774002339939,1607.9025748742974,2269.8933367175337,2400.1987262467046,posterior
data[82],1463.6061254559108,358.8583818984387,8.146233270325856,1943.1384045286193,1820.0168485740664,1.0017770943015896,,801.1748814456449,909.0023454819346,1441.6943386332678,2093.313776198414,2204.1748172351145,posterior
data[83],1341.092893356405,316.02961681188697,6.887128694107446,2106.3631501098594,2034.0525324875528,1.0014365033935921,,747.659803379639,840.2085126390215,1327.4062882743074,1871.8205651307183,2003.773991386023,posterior
data[84],1147.8239169333167,281.78727886987235,6.213671424813376,2064.774820427858,1937.8748609744239,1.0005743655999149,,605.7028066680222,694.1059026979598,1142.135979339925,1628.9104810829103,1729.375657611061,posterior
data[85],854.661972398632,205.50577666462297,4.8534275181965985,1786.1614449828526,1925.297803859906,1.0004150630883644,,435.0767269457116,520.0934141876119,853.8085004390398,1187.779839581288,1257.0622434627292,posterior
data[86],580.725512131786,140.40752407543897,3.234473266579247,1888.3552024324322,1862.4555317874313,1.0033543471758104,,319.1140271200606,355.99687877055345,578.5571984832234,813.0471441731138,864.7606514463756,posterior
data[87],506.7813377538486,124.45861123769541,2.814212090684272,1957.1868304869772,1934.0019352962147,1.0007828866364354,,275.10045887987525,302.90008375143026,507.1314407704787,716.7126161310016,752.4462302957469,posterior
data[88],283.69907294588455,71.72404749348564,1.6404499691548455,1910.157187801468,1810.3330854936128,1.0020044666815364,,153.49547620173215,170.84919085230626,281.0377361700481,407.9886744127292,431.48824376784427,posterior
data[89],173.09525534731387,43.201148101632285,0.9415691664802691,2098.7158355046395,1855.6425919798762,0.9992301188427724,,92.35589515079435,103.38157547375401,170.97169499600898,243.9181252625434,263.03903368118813,posterior
data[90],107.21756464893328,28.94259614857141,0.6466417847999804,1967.8631966601868,2036.2105440888581,1.0034146907525547,,57.19090746184766,62.893528968777105,105.38063725725388,156.66237384817657,168.67608362875544,posterior
data[91],1393.366083473715,378.7306292744994,8.448447190168874,1968.4068185330275,1600.1922263180772,1.0014898459618673,,718.8314470509644,825.6717664144857,1366.3664136825148,2037.4557686860453,2238.360311798954,posterior
data[92],1599.4370485291358,406.3447261587237,9.688950398106192,1740.8505624994232,1881.711657163477,1.0016058287729215,,860.81329565427,948.2157797966212,1593.490161498035,2280.4790320445586,2456.3626407812294,posterior
data[93],1638.917032350823,391.65107833839164,8.983174151493596,1901.4726206193077,1869.6799753251876,1.0006790834705273,,892.8549518470836,1030.341354280374,1634.0117912882854,2305.292242980792,2438.689040985658,posterior
data[94],1608.9547355095633,395.4938332652885,8.936139300117464,1960.0325764809152,1895.2142548166232,1.00018564988123,,826.5298515726431,967.6179949856916,1602.9253416404097,2245.954322094061,2391.469217635023,posterior
data[95],1453.9517830060759,346.171627441053,7.9511250135854015,1893.963000199734,1793.0839133645043,1.00022802466428,,782.6691937905916,887.4284501050834,1447.7501641086515,2038.9488820047907,2134.0714415002276,posterior
data[96],1313.19272921607,316.919168352005,6.851484554482116,2131.160542217906,1963.0458185632415,0.9996817324447618,,719.7269430320872,801.5254401460916,1314.5101281516531,1861.3127303916126,1964.2865109482102,posterior
data[97],1162.4779369678506,277.07742506559975,6.210984884063878,1988.3195639894448,1933.250581289375,1.0006731227562842,,657.2280098632014,729.75656036516,1162.4450450288484,1615.4570489691496,1712.1560517160983,posterior
data[98],1026.8396888631669,241.46861510686915,5.5482996766201795,1884.0243256043404,2008.1737795832803,0.9986952281206051,,550.8929750994351,624.1562906676022,1029.3062691665407,1420.768772162176,1496.2912586909442,posterior
data[99],842.4337404294575,202.3720413019461,4.531758652124084,2001.6121176675151,1925.3927508622905,0.9996936174637157,,457.0726500219773,510.326523123355,842.3871793992213,1185.3209912394248,1259.2710474319415,posterior
data[100],588.0629683512379,138.84995249697835,3.2333598679749675,1818.9386053744452,1771.379076576935,1.0003688066277325,,331.7563957692557,365.1349344614826,584.7591416040599,823.222406725701,863.303425772615,posterior
data[101],336.89039949534265,80.89261154227638,1.7369716678377123,2182.776011596324,1972.4615575544526,0.9999141821378381,,180.357969984137,203.46315159714504,334.9283858878466,465.5037887218692,496.2622306164118,posterior
data[102],282.45203716668755,68.46466361929623,1.5011752708599924,2082.5584966660667,2013.765010813514,1.0014925337069578,,154.1902542627471,175.46410269856705,278.659017860142,399.3683157907767,424.0567600861033,posterior
data[103],127.93035503712517,33.911930392731385,0.7874665455183838,1869.8427426656356,1938.4803770089275,1.0012252014664837,,65.26588274573399,75.93822570654966,126.42759495775944,186.6209273164274,198.24780662695787,posterior
data[104],68.09388109971935,17.481776052201255,0.4086769295507362,1841.6547349287187,1600.1035401215468,1.0005469311267736,,35.70408561018244,40.56279076338486,67.43094301060025,98.51583181894907,104.14742108132634,posterior
data[105],36.460421065795046,10.060803348316567,0.23649941987568748,1769.1545346861767,1768.347004560648,1.0008105906509874,,19.809711335811663,21.964136916753436,35.6844034040388,54.36212683755294,59.42674905059809,posterior
data[106],1205.9808118159478,363.79312578283793,8.32545273667098,1919.8864222934421,1712.0850721057993,1.0016504955611454,,588.1986491442161,658.8659772531804,1173.1586407112416,1850.9903358360948,2032.1856724044374,posterior
data[107],1563.7175453750845,411.1278738545735,9.154567980773658,2028.6287315875752,2073.837917591128,1.0020009869573596,,843.1285286972593,942.6544195547802,1534.9568224481104,2280.8432743800827,2426.349319065561,posterior
data[108],1815.3351912083745,441.9888546077631,10.712385365532636,1727.5132864701563,1879.3324215019784,1.0030694255241894,,991.0401089487783,1099.3211899622077,1808.348853944457,2570.0717926990587,2701.94170051113,posterior
data[109],1848.1811166229559,448.7738494476143,9.762383788406744,2118.1459581601553,1787.9226434682646,1.001028466399527,,985.8955578270779,1109.4967801067453,1851.4201836601533,2602.11111407713,2722.998646287487,posterior
data[110],1776.0978531458363,426.67669868121953,9.4474791087885,2046.8460065555937,1894.332724814094,0.9996030015852391,,980.4603422686884,1097.0792273415389,1761.2627303974302,2487.5933965894715,2606.851377839932,posterior
data[111],1684.8820827114591,398.6985856601095,9.097720947992789,1910.6208691218678,1993.2707592523543,0.999317283805347,,935.6426187062366,1049.7320442860246,1680.0399190693684,2351.367395358498,2480.831107172309,posterior
data[112],1528.005889423952,364.040546924007,8.129248971251354,1997.3769932522653,1991.5566508402358,0.9992953439012783,,827.5655320779447,939.5930619115989,1513.7079910801376,2147.626811500858,2244.502995714668,posterior
data[113],1404.318553150354,335.08121122620145,7.4147472671965255,2039.4859068385194,1912.5842120672446,0.9999046042003596,,782.191117807257,877.8863942792107,1399.3261439015387,1963.3138328076018,2115.453556649719,posterior
data[114],1170.2265443711303,281.17313795466225,6.3476739629443335,1957.3937035447807,1664.4941504766107,1.0072325402604054,,612.4312349092725,710.1940759872676,1167.5668258573055,1630.029402742873,1736.5447453842087,posterior
data[115],893.0054723052561,209.86624752747116,4.832609838367196,1884.070451968734,1973.5308041798353,1.0010510032796174,,476.5774773087938,548.9669190433506,899.9116849677945,1241.9625034440726,1306.0895861378754,posterior
data[116],602.1841524842873,146.3393167315578,3.2820451618031408,1985.6290664845014,2016.1662529682083,0.9999505133141908,,324.6992658866659,363.621849030853,601.550326061074,846.2410299118383,897.4918313470083,posterior
data[117],519.7374255886724,125.6775896020607,2.9030214286329548,1873.5535948120532,1897.1431021713797,1.000637054065208,,285.123571300017,321.6689675485816,515.6272118589418,726.3574405324222,768.8582128049427,posterior
data[118],288.14085558974716,72.98541894902174,1.6085950325550114,2059.4660429839387,2041.708737680567,1.0010610700060019,,149.8930412464625,170.73083439690464,285.5407402230933,412.704381972103,437.8043303181917,posterior
data[119],181.73223679693203,44.730526276138235,0.984630508496271,2058.3527484089996,2055.7779168032976,0.9988785836124459,,98.26895746252114,111.5965807176654,179.68787174853,258.4737659875333,275.4088998417544,posterior
data[120],112.22751827613642,30.113098553590152,0.6776630376426779,1984.9235216974998,1917.0334650206091,0.9996061742483346,,59.688087505087196,66.67552454908207,110.11933390907787,165.23279113364885,177.46529925503185,posterior
data[121],3219.1690983265753,822.482884139565,18.33832765827069,1994.1514884224098,1618.1753876436785,1.001733088467987,,1691.587318360757,1949.4696988873122,3181.3810518569635,4598.250214983465,4924.252256506523,posterior
data[122],3439.609250425226,812.8475312691577,16.99276794386685,2291.22115008871,1735.7670689525175,1.0002424159515029,,1836.3842342524465,2157.99242189973,3420.578306195932,4813.9726444939715,5085.5514779226805,posterior
data[123],3333.1551214648457,800.7754206581765,18.982527904265837,1782.7917046298553,1747.6992579907487,1.0008349285053104,,1793.6557837246496,2021.0101009261627,3343.22812553286,4630.933095102308,4954.120131625531,posterior
data[124],3238.156048411453,774.3912003562899,17.398648213495264,1983.761562451803,1777.4771150811084,1.0004302814627817,,1699.9302845771176,1985.2847027612133,3255.655645281149,4508.815573761048,4712.526489694169,posterior
data[125],2861.5675548697313,672.7335410447598,17.05900848858588,1565.0486985382122,1751.4230379399974,1.0024466441177,,1534.91716573267,1698.3683455785206,2857.911983676372,3932.5666028666583,4194.999273989551,posterior
data[126],2586.947061971815,611.0939006279079,14.245298020290393,1833.5746677082127,1691.586704913296,1.0002846470122886,,1386.2884121083912,1611.8167639647263,2579.69974039272,3618.1588634192367,3831.272854492883,posterior
data[127],2264.7836935808964,524.0532440408828,12.147205092638742,1857.9906814144267,1973.2517014995228,1.002597907174655,,1263.2297422168722,1419.8825111256126,2254.3070368711797,3113.372875395203,3326.0042383914597,posterior
data[128],2064.5105348425327,485.52146936359975,11.127210692585003,1922.354023443624,2009.3908848219924,1.0012508598840963,,1141.7114120078204,1250.5135855360227,2077.9358422033893,2829.4422021784585,3035.9544022031373,posterior
data[129],1649.6377443452109,393.0109308427658,8.717820037174596,2030.0381711749624,1927.396957626024,1.000515247243835,,899.9922038607143,1028.0544167848557,1635.2672931909106,2319.816630078625,2464.776455956677,posterior
data[130],1189.141503315447,277.5938082168682,6.0857892107836005,2080.981856548186,1938.361546451549,1.0002090592341157,,663.3974467833214,728.0702023174708,1192.1269212115908,1658.5113786280021,1757.8509229245649,posterior
data[131],742.716640331319,172.6516377476963,3.8714188207088203,1973.1386701965532,1893.3686898981725,1.0012233508183517,,415.4664488845306,463.2911566857162,737.563104211466,1031.4570411103896,1105.2306641721705,posterior
data[132],625.9163197310148,148.65729172713884,3.432880959830642,1887.8593010420432,1751.7400636656066,1.0010034542019248,,334.466175791321,372.5768921036154,624.2059499859643,868.7821200392098,916.890209205272,posterior
data[133],303.7796045430433,76.15891812440044,1.8102469177858473,1774.4756959838835,1883.4634584848372,1.000137686818556,,165.19680075346866,182.19525802663165,301.9759099373978,433.36262440151467,465.5214919136118,posterior
data[134],164.16592582358268,42.86598163196931,0.9069272273879067,2214.995560192395,1768.1358082730028,0.9992189771791447,,83.32752157532022,96.08387245462754,161.50629693987486,236.18621164242975,255.03774764088425,posterior
data[135],90.15123161933231,25.314506264916606,0.5740348667883235,1897.8544980865804,1709.9542163648196,1.0002245530990501,,45.710431444928126,52.11942172777343,88.01703175417308,133.19723345253843,144.76117204113012,posterior
data[136],2754.2457510482054,761.7094253114135,16.685851378882703,2083.0164440949275,1900.374658741725,1.0014013180916046,,1314.4624086956578,1568.3141205459012,2718.175405033421,4036.072750645731,4344.975855824638,posterior
data[137],3152.9246085544387,762.045167839507,15.937017832053625,2291.3981584002972,2152.8828051128176,1.0001638307836787,,1751.7880343214488,1926.1450114486304,3109.2842213845934,4457.06853210669,4723.136333158422,posterior
data[138],3215.5826112856566,769.9980424783114,17.140435130158053,2016.579541447459,1932.7648855831558,1.0000038714529165,,1775.8942113751052,1984.3453666000894,3188.798450065828,4464.647047863044,4717.901811140489,posterior
data[139],3156.1766903974885,758.9179925739152,16.3565619425538,2151.107404043868,1723.3965132917938,0.9991692467218015,,1676.0254838398537,1911.1439056674205,3159.712848042006,4423.838465886588,4650.532027653292,posterior
data[140],2874.6033815092064,674.3913229333905,15.131332231624514,2001.1785930507565,1884.7956225504622,0.9991916408702046,,1604.337617243165,1790.1895035617624,2869.170616924392,3980.2668358932847,4186.828719886587,posterior
data[141],2525.9030403980314,590.0256254026681,13.31463602348752,1967.2954022568001,1858.3956018410959,0.9999527413440195,,1366.5727380543326,1567.566045807171,2536.846447778557,3480.9943789624313,3701.849802264532,posterior
data[142],2224.246025462197,525.8122321081753,11.639595384563675,2044.0267359850895,1972.5080101557785,0.9989866293684998,,1199.6493738656432,1371.8861770135786,2218.060446292102,3088.5804717103133,3274.4536106151004,posterior
data[143],2034.338616715527,466.7665994404149,10.372215267865583,2035.7808927683884,1736.4735867156373,1.0000808520792632,,1132.7811901985099,1278.5177476708898,2035.7076420879694,2788.3176207800348,2933.4531788018735,posterior
data[144],1658.4563394900672,406.1563784222982,9.13734326463423,1980.4289028806222,1847.7664517044993,1.000419651838983,,859.0206732123978,991.7064526440362,1655.3571766600253,2335.847168558575,2466.0071891409957,posterior
data[145],1208.6795015155649,281.73242311434467,6.343631731881901,1974.696117958492,1825.864003124541,1.0007150776919067,,676.9875202159155,766.0904696226694,1205.6599132800811,1664.6979990080208,1762.7485766535265,posterior
data[146],753.1387025671231,184.73017986529322,4.110357165589272,2030.0307304322564,1875.1105764416627,1.0010055707660672,,391.1827064311415,449.14714892876657,748.5941238745563,1061.5224242858894,1130.8753200213214,posterior
data[147],637.578400129483,153.78013586931758,3.5421971008382322,1891.7287943838921,1925.8931571655112,1.000809972313059,,356.1950448536797,388.96893180020015,637.7556415497093,889.3593207418321,943.7560257506929,posterior
data[148],319.6971396399458,78.27551862470311,1.7129470029839766,2090.2876921449824,1973.205195975541,1.0005991409084856,,174.27902891117057,196.75163067410003,316.8919316221163,451.8144007347834,475.5486581990491,posterior
data[149],173.2665004648139,45.93325991635273,1.033819002265917,1943.931203380287,1973.1586937618745,0.99967076565951,,95.39849908339981,105.85129863271302,169.48119468895405,252.8654914088658,274.4232421106709,posterior
data[150],94.95770205171831,26.84900155716554,0.6093223653423671,1964.4477686529021,1913.2601492304332,1.0002906095993203,,46.87764703426075,52.73484855685201,93.10067687029219,141.8165540954481,153.080769467601,posterior
data[1],65.47941801171875,86.89131233123142,1.8834501232143925,2132.4596153328584,2006.5003069543206,1.0006566652346671,,-26.967307326863384,-5.066717790315525,42.46597045724206,215.50075096033743,288.9872570084387,prior
data[2],71.91479640046033,82.27352255546519,1.836671715122372,1974.2989472401448,1963.1490800782626,1.000475872362504,,-29.41533774175474,-4.495683984550662,53.047829959027,218.12737049493458,267.8192668903388,prior
data[3],73.5759975414388,80.49934295155867,1.7600766801177083,2069.804741752974,1844.9122566390809,0.9986169869101003,,-33.220154008721536,-2.1574316645452765,56.14331317275232,221.28413911064348,268.67442010878426,prior
data[4],69.66108145010914,69.77315297507774,1.624851167560879,1824.061288786847,1972.4151082577923,1.0010235252805189,,-27.909306232684006,-2.8209229434525636,56.41872218323191,189.15520190061216,230.849941703774,prior
data[5],62.209536161810824,61.99711216588898,1.354766056147963,2095.814338539033,2002.0115013295242,0.9998420345556939,,-25.53395581687734,-3.45709818376607,52.86187158846223,165.52265078987915,198.6031907219002,prior
data[6],59.41249784815376,74.86210191925423,1.668565379064674,1916.9236664376385,1812.5515788758346,0.9998628160999847,,-29.30637959175991,-4.0837916541646155,48.315500140049764,155.62267362157814,198.80580643130887,prior
data[7],54.55324714884322,123.37419413748592,2.7804671631989875,1810.0074990367384,1735.4870163438425,1.000072491854964,,-32.17694684349683,-5.69245208294171,42.17849079618623,137.29379869858667,190.65141942500625,prior
data[8],59.78801980043161,293.150241962929,6.544592516794654,1946.9123315043826,2003.848800448549,1.0001248018247286,,-20.797499518957284,-2.8365068485180203,38.8907339228475,136.8099388232074,181.59650125700952,prior
data[9],98.13184989210156,1825.102879174385,40.65599905369212,1976.5028944673281,1867.803584514593,0.999170502410022,,-24.22892491014594,-6.084640489881134,32.2861902102985,127.91437066991892,185.04650763993922,prior
data[10],790.2767964607029,26281.30591832122,585.1334771431063,1968.0211838568835,1970.7451315146134,1.000191469050213,,-16.82745644313675,-1.8106957952470766,24.34078598745282,132.71326103078547,263.3415047932353,prior
data[11],1.2771122659578063e6,5.6242471590941854e7,1.252536754583348e6,2022.7885918418465,1894.0391625264108,0.9989759551738268,,-8.229320711805308,-0.560983918286898,15.940131049158897,260.59918479325466,1096.3253074514407,prior
data[12],2.4897526939977158e7,1.0933911455347147e9,2.4350063638312597e7,2089.0952839114047,1866.6051955031487,1.0002086209236278,,-15.217908234990295,-1.0625953240618815,13.760950235278656,363.0175101197118,1884.309583997742,prior
data[16],147.04479058005649,274.09364868818653,6.071645306442715,2032.8508171229203,1918.4774525147955,0.9990670783218883,,-35.355887490522164,-6.754732204467813,79.15834138712889,509.8158039089642,736.8486720006857,prior
data[17],167.3560319342392,282.4679482861379,6.305714798111209,2090.296173946814,1855.9753360923398,1.0005586926652514,,-66.78819447198134,-9.329788262765629,111.17687292478925,529.788585177201,715.9275833181807,prior
data[18],172.70518851085322,441.2244492564795,9.778904158972209,2007.0357241915003,1972.5211402121272,0.9997209156973446,,-68.3846030551697,-10.487322184715662,114.27156694897472,499.155951268126,670.5766415421974,prior
data[19],220.264827957883,2055.662157838659,45.865554608040405,1800.5098895249146,1972.647387791278,1.0000946443986924,,-87.899560601141,-13.951624197966982,112.71096387197642,451.4236399526756,620.1860460304509,prior
data[20],3231.148828742634,108509.93356445638,2416.4108661131636,1926.5093512201406,1785.6196005936197,1.0013635046858274,,-49.70454367132579,-3.5605326821789265,101.73842803652914,393.78300861454346,575.4922147759958,prior
data[21],74656.61095786636,2.897393963963537e6,64526.11665048053,1999.2403938130346,1934.1788540370492,1.0023623128691828,,-60.57844528978071,-9.203362993037258,94.61622941971535,402.6148028176859,588.6206486378456,prior
data[22],1.7109795292378732e6,6.554832596998048e7,1.4598030835049774e6,1994.0034230072167,1922.511922881253,1.0013691225522583,,-42.67113221837543,-3.4444314047899653,86.04071513473816,337.5283099584802,510.2143864509525,prior
data[23],4.681494877039578e7,1.9016501995700295e9,4.235105184190971e7,1996.6280125612077,1973.4377567056752,0.9989156150118261,,-34.75654835788807,-4.548590820166702,75.81431073979448,331.0788068219739,539.3564216700775,prior
data[24],3.61791614067798e10,1.4917908550573232e12,3.322322269561147e10,2034.146652364298,1930.7371073041334,0.9993604200794001,,-34.948376704968375,-4.508768771565336,63.3742043112928,321.5911989264649,717.8292202551075,prior
data[25],2.601767217407238e16,1.1172028926485217e18,2.4880888625647084e16,2268.028018157781,1966.7968302794507,0.9991331181473356,,-34.23618003645743,-5.537169683154952,44.98408132218288,429.5881556003046,1883.2854585835055,prior
data[26],2.379583120153127e28,1.0540527414435632e30,2.3474490560786455e28,2111.202918577539,1873.9654874741316,1.0001925218414296,,-21.69845606265866,-2.037456709273406,29.246496921099173,1034.3967229167522,14367.848462991997,prior
data[27],1.4094534590902144e34,6.273025575913713e35,1.3970465972671817e34,2105.5409888281133,1497.486685692691,1.0006798185494348,,-15.85263310671667,-0.6372203620065283,23.96197951388963,1633.1384397649356,34753.149420418835,prior
data[28],2.9442970746406264e40,1.31385112597604e42,2.926030775631218e40,2118.2634757718342,1704.4214220051874,0.9986378933239222,,-16.688955588167868,-0.49451255281282397,10.1648341873037,31721.872731666972,1.022050564484635e7,prior
data[29],-1.5383975398621886e40,6.9541847142361214e41,1.548764511636104e40,1997.7393106118932,1803.9476574119935,0.9990264889654662,,-20.780602412864088,-0.14034344870605533,4.78830345765515,273875.3598751843,2.6769805694893503e8,prior
data[31],2.580835924395303e10,1.1539864920263042e12,2.5700079848816364e10,2100.293105797928,1960.8747566948375,0.9995290797658171,,-173.95479908440316,-20.982913019764812,207.4537602410391,1340.8647845847224,1891.16085041165,prior
data[32],5.474545891710358e16,2.448291344712482e18,5.452515773619001e16,1905.688067089853,1882.4606475432342,0.9999110648853407,,-188.7032106000437,-18.461800179527344,259.82959383696993,1358.9256351044698,1809.6098119231071,prior
data[33],3.2975425034646344e23,1.474705839276934e25,3.28427287360861e23,1852.7303035310586,1971.5215735982165,0.999910181234618,,-168.00745757096317,-43.324108126009875,274.5664668074643,1183.368064580322,1630.0345947554567,prior
data[34],1.2657048274727772e29,5.660404067317981e30,1.2606115088736179e29,2065.3408530956253,2058.8382194168344,0.9990590874705308,,-135.19035982398543,-35.56505017044537,270.8664583818736,1150.3556882434268,1639.8494291060135,prior
data[35],1.4316381192492982e36,6.402480307641966e37,1.4258770690507355e36,1900.1674859773723,1986.3286053767592,0.9994819904343936,,-150.82334843439838,-5.58003520806517,261.96384730853754,1030.913116890206,1514.8717166426618,prior
data[36],4.103438243796397e28,1.8351118280344345e30,4.086922171508039e28,1883.6723527555434,1999.6987999819753,0.9992230068549399,,-166.94780740024112,-30.617529500375078,223.44428514613995,965.3954393077971,1526.5596723300027,prior
data[37],3.2667751502524843e37,1.460244830793367e39,3.2520653914839956e37,1771.782448114463,1978.405131164368,1.0001164897021844,,-106.51863919641478,-17.578789663746402,201.12336915338645,817.4479853423863,1696.050955687763,prior
data[38],1.799093207247061e15,8.022782912355885e16,1.7867238403551038e15,1944.2083071832217,1694.9281346670766,1.0005419250875593,,-150.57432266915083,-32.665700075461615,185.67076054818403,881.1368755194725,1799.73262324885,prior
data[39],8.87326844774953e25,3.968246278003219e27,8.837561539054378e25,1908.4737756798777,1744.1614080293793,1.000287675944764,,-96.5224157022865,-27.926636766997294,158.46658712325717,846.5420957439508,2391.29240895262,prior
data[40],2.335968765807162e33,1.0414729935258097e35,2.3194248136520017e33,2016.2776375424935,1845.137185609771,1.0019526820749676,,-53.73079951408082,0.051700095788623446,126.06965522858039,1090.7360981196148,4416.106314174939,prior
data[41],5.78454318040172e42,2.2716437373101126e44,5.058240984781663e42,2034.0039442265415,1778.2154646554043,1.000390101083244,,-46.767161861434076,-1.2889309094507502,78.12449283190183,3043.3943632122923,69325.16821683694,prior
data[42],2.921733531549096e34,1.3066389568893569e36,2.9099761914639797e34,2120.390429964228,1778.5657466081582,1.000476953076354,,-90.5944262688056,-9.461506899502279,62.03849861859301,3704.998130511489,75977.83775471704,prior
data[43],7.490193895774958e45,3.349716543121251e47,7.460052631408402e45,2000.9844030275065,1722.8576802900686,1.0009769815660636,,-31.00980803415378,-0.34904670988050723,29.607110437312418,105534.74748199973,1.8232043103999794e7,prior
data[44],5.996864003121703e44,2.6818791452500715e46,5.9727321155002146e44,2071.798438070925,1987.81528397204,1.000202931494948,,-19.38993783224195,-0.4644194499671676,16.732882920696515,1.5075182074515624e6,2.0511581896635597e9,prior
data[46],3.5473999531751932e16,1.5864454375554813e18,3.533124760927098e16,1992.5532540994434,1770.7679387685716,0.9994380432942265,,-128.4451425033122,-26.52663679956833,181.19488808651067,1145.9139948302775,1622.8055352932756,prior
data[47],1.1210679317072128e20,5.013567612501256e21,1.1165565137765289e20,2028.9912700992904,2054.7714118294966,0.9995238857158608,,-165.9567493836613,-16.66210756375239,256.4479160276429,1213.8304897481385,1687.3065156982423,prior
data[48],1.017682340214629e42,4.551213784441956e43,1.013587088091096e42,1899.7978385326421,2058.941635119809,0.9999495310189004,,-180.00117781726843,-38.68181647224326,269.82042835656296,1160.3406575453105,1570.6334865662845,prior
data[49],1.7559740513691182e27,7.852954691174113e28,1.7489078420240477e27,1831.0691163822523,1755.9072664110183,0.9994936436983652,,-170.46437727699774,-31.543500717067403,271.68188020376476,1072.0289133788492,1472.6197381151594,prior
data[50],2.730120785616575e15,1.2209471326840747e17,2.7191345156337525e15,2080.541214494133,1748.503476347058,0.9999754977348546,,-166.78851717078845,-29.50192839606718,250.9025306879073,967.5713579241748,1350.718740038464,prior
data[51],8.539296127147191e23,3.818889324060361e25,8.504933173977735e23,2088.8580833474084,1953.8483758259329,1.000441205999858,,-135.26173542773165,-20.759236259424885,237.14352391781333,908.274175659121,1156.8019649857347,prior
data[52],3.0051979151392707e32,1.3439653648184108e34,2.9931047081951323e32,2037.4600750187417,1917.4457450750572,0.9999397991629657,,-157.5344550132483,-35.51902684434486,210.09486315740014,844.0585847483753,1254.997087742879,prior
data[53],9.19291939552165e13,4.020998696892418e15,8.954809999679944e13,2080.8275285730974,1895.5924410349562,1.000436795303104,,-145.14012278227443,-30.542925609441625,194.0714813883461,749.2656125765261,1064.844908734181,prior
data[54],1.0331423633286724e20,4.5977073990469776e21,1.0239356953934001e20,2199.8260602769406,1789.1885213729292,0.9999660960450845,,-107.35147297853743,-6.7407484724293285,158.17814199841246,860.69824357879,1931.8748994964535,prior
data[55],3.374571478745031e36,1.50915424403373e38,3.3609918763192893e36,2149.874648262418,1673.3905680778832,1.0005074362492827,,-80.59899715753784,-7.1875182207812065,119.29308087604589,954.3546177992079,4086.255804147269,prior
data[56],1.7331150471541834e29,7.731819613632916e30,1.7219253403475158e29,2215.8051182243594,1723.1606976915393,1.0005546515710886,,-34.46549704139401,-4.284230771861765,77.26201455605317,2551.90481581613,22645.204772600486,prior
data[57],5.14136327296061e40,2.2992875550721457e42,5.120673930098456e40,2195.7148124601845,1527.7817205396882,1.0006598465583856,,-38.02938265872085,-1.9451523971258693,64.09046278137939,4231.684414458113,46514.345563186514,prior
data[58],4.901279782429994e31,2.1897499649862314e33,4.876720481061862e31,2067.6278269298246,1430.9922331848513,0.9998650888157145,,-61.62064768202241,-2.3073853009175362,26.715274299919336,44465.85037079726,4.681628232264565e6,prior
data[59],5.289468578282785e44,2.3655222611770125e46,5.2681832453516805e44,2136.7988648943633,1408.2869865012567,1.0006553064975556,,-26.76098090939834,-1.4547961401662586,14.631736021069017,640014.4117790137,5.848503590200188e8,prior
data[61],3.0100938436035605e34,1.3461548905902368e36,2.997980934969963e34,2028.4142386375001,1992.5875752939837,0.9996504933911142,,-105.89515541866146,-19.005338728946494,230.3170469144481,1238.0892942092446,1853.2280308880631,prior
data[62],6.417060437890108e10,2.8697965487981685e12,6.391237294237453e10,1943.0318250664172,1880.7800836641204,0.9992343296205606,,-226.5490523985942,-46.420331194427796,261.2206458804993,1187.4268912686716,1574.0483632871099,prior
data[63],8.12648161624801e18,3.6342730623665524e20,8.093779868580028e18,1768.777993173613,2055.2861388321753,0.9991605450998899,,-189.19782470090212,-32.492456283544,269.42115997264295,1079.153765180387,1519.3625243800261,prior
data[64],8.117334664330929e22,3.630182421111854e24,8.084669724881772e22,2101.4688817616,1768.4096610879187,0.9995619172600371,,-146.92895454149655,-31.696924104866262,270.0547140520714,1126.659452683074,1564.2080890767586,prior
data[65],1.1142857063503472e12,4.983237026779894e13,1.109801680672535e12,1957.9626565665678,1894.2907787474276,0.998639130024528,,-157.76941875944,-40.681835727982794,247.37654270582138,1013.2621082491768,1405.792865597879,prior
data[66],2.991148788717822e15,1.3376823977685269e17,2.979112101857246e15,1991.2217389138164,1969.151711696012,1.0007647310488164,,-190.52110381990738,-32.1712331360439,229.44647900260458,864.7753137536417,1235.5609599695247,prior
data[67],1.41801126429115e19,6.341538536708537e20,1.4123049109849766e19,1925.1308131442725,1972.9262323358935,0.9994897529911269,,-154.68168273232882,-31.986782308439043,207.58409102213966,831.3738533736289,1181.5321978582351,prior
data[68],2.5696112519165497e25,1.1491650842114113e27,2.5592708815838373e25,1920.0055384170735,1974.555201595494,0.9990343605718724,,-101.94885134402547,-14.790533474894433,187.37534183633943,918.109479926791,1561.9947907783014,prior
data[69],3.835332227064476e39,1.7152127147813412e41,3.819898478455493e39,2066.4637332615653,2050.4659399858456,0.9998732275419113,,-85.33740132520322,-14.380753975998125,167.3630445853379,861.7813774762107,1538.1514504820732,prior
data[70],2.0263860144046827e45,9.062273750589289e46,2.0182316404780254e45,2169.5893708758254,1868.0393150488692,1.00011715341713,,-85.43349364134805,-8.251428797403012,121.79517017819342,1082.0015473723915,3815.4777523720322,prior
data[71],1.180010065332891e44,5.2771654382522596e45,1.1752615902630813e44,1947.7516400991412,1847.8793194374937,1.0002586841184895,,-38.41306659313035,-2.384883815266963,75.86998062029762,2471.834544332241,16404.737366278645,prior
data[72],3.7372709571174834e28,1.662563222168026e30,3.702621676035199e28,1853.4855003165974,1924.6416450652996,0.9999124916773875,,-50.45204582802571,-2.8812332889566767,71.70192776191801,4241.513254469019,41031.035036221234,prior
data[73],7.928670578406964e37,3.5405632906578116e39,7.88506814617682e37,2058.784763829527,1864.1761809763686,0.9993086452142314,,-29.324897574717852,-0.4693948959171836,32.92975582532043,105839.17204024234,4.842247766399251e6,prior
data[74],4.911614126787805e33,2.1898452869440487e35,4.876921091466766e33,1816.1856609540691,1951.0633456841015,1.001625754296606,,-13.920881198149381,-0.12067834429319488,17.419895916909667,1.4175126877170962e6,1.8631049753046477e8,prior
data[75],6.738088680018535e41,2.8827661096541327e43,6.419777511335349e41,2033.0970633625466,2021.9145327109711,1.000234431124927,,-39.91629838889741,-0.7098460331358397,9.312880007315998,7.653989043289072e6,4.1900675318430567e9,prior
data[76],2.268688859676895e12,9.791320687406383e13,2.1805025334158071e12,2042.7181019708619,2012.9884718229266,1.0010022482255287,,-1090.7420004685785,-159.41952817175533,1263.4434082696641,7766.361245660049,11362.9223677746,prior
data[77],2.005770475806635e15,8.707388511620486e16,1.9391275594109418e15,2041.1274028229593,2146.4369090309474,0.9997366035879952,,-796.6757439354394,-170.00348533946374,1495.2292042867557,7490.644045185539,11188.404706391402,prior
data[78],9.57275535285068e19,4.278855833164877e21,9.529305013163404e19,1968.0170411559643,1970.682051854217,1.000450992006243,,-732.4773070331116,-167.41422211066507,1565.7021430154164,7523.308847827114,10200.869558647106,prior
data[79],2.1157488043799504e30,9.46191625930183e31,2.107234817613822e30,2064.1576789648616,1839.361199035273,0.9991926868013442,,-1339.7412022903738,-351.6890931723538,1568.5561315271345,6812.86872495514,9164.093613033254,prior
data[80],2.9239515667212766e33,1.3076308932211591e35,2.912185302937832e33,1956.0423829035446,2044.049792475313,0.9989974578682109,,-919.1861483920437,-270.51623335043627,1452.3174437364269,5834.893468726689,9019.335394703514,prior
data[81],1.4061190772107834e14,5.103581848786817e15,1.1362628546948428e14,1900.195703428691,2013.3796403305128,0.9992828178286604,,-773.6239511088829,-22.578391181717684,1372.6997160310225,5773.624784562137,8498.15342040165,prior
data[82],-1.749240013368707e20,7.823268958594109e21,1.7422966509081392e20,1759.8560427512339,1560.5410218397847,0.9999286098503225,,-969.0775772715723,-140.2297001284274,1187.6481985769997,5147.435938229133,8914.844400385595,prior
data[83],2.1354791751835896e33,9.537313342834962e34,2.124022966281562e33,1954.543976835184,1958.1859435929116,1.0008068962483363,,-627.24877997448,-71.16698243395398,1113.2596372974335,5591.078135322315,11778.04465347712,prior
data[84],6.155310025130309e37,2.752738327753931e39,6.13054046250866e37,1970.698960019347,1932.2691674566645,1.0008479583160519,,-502.5029202770447,-116.35073029685259,955.0727031255719,6379.485653925374,16918.70451962134,prior
data[85],9.689205699409777e33,4.333144291207559e35,9.650214892456288e33,2070.897561617411,1732.2882374397138,0.9994085070330706,,-711.433295518273,-120.03465058797993,699.0403802685821,8597.347148923733,46514.59318880891,prior
data[86],2.1491989413826657e32,9.611509854514079e33,2.1405503557956144e32,2112.451446924417,1899.88303678969,0.9993398099803463,,-277.83519734528227,-56.65126464940087,448.0248079598811,25882.839598379604,480482.92401315056,prior
data[87],5.992195894389525e27,2.2708832859877755e29,5.056267807482094e27,2148.5285040816825,1972.83327092534,1.002946289507495,,-222.3968421285009,-17.85554693689412,366.28280870442217,40710.22386198692,1.0934038844595863e6,prior
data[88],1.1633418111745044e40,4.986673848772724e41,1.110510275640883e40,2166.139869158424,1824.801027734325,1.0004676806751094,,-191.3854925670107,-10.258006444041067,187.78970887361623,1.2400994200961334e6,2.6625592586161143e8,prior
data[89],5.192408885874241e46,2.318801394534636e48,5.164124072792588e46,2076.1097058380105,1981.0467749905185,1.000185442446763,,-126.39157632683907,-4.127581653856254,99.57786142932102,3.257239269057466e7,1.2685183980796059e11,prior
data[90],2.3309596593717043e38,8.06874673093918e39,1.796270994338325e38,2089.956346464057,1892.4777798608395,1.0015851151873836,,-80.17071889646894,-0.2804558020770233,58.366740505089936,5.017234673829714e8,5.536976853735767e12,prior
data[91],1.7993521173858855e20,8.046947299866037e21,1.792111350509498e20,1988.4066836932236,1869.0208351336632,1.000785092118402,,-894.3058818963598,-117.4812291140265,1259.923919083284,7967.56165973352,10898.369191340686,prior
data[92],-1.3382106634962156e27,5.98466002358527e28,1.3328255744120715e27,1986.2819548076095,1823.843171668274,1.000834734449633,,-1433.201666789489,-402.1575933945637,1524.516965707565,7636.6741480271085,10180.330384867073,prior
data[93],3.763804868957964e41,1.6832247082069423e43,3.7486589542918096e41,2015.1703914800075,1971.3626890724734,1.001388828271292,,-1225.0315118715077,-211.25355971172436,1644.0300299968258,7203.559859629491,10288.505463053389,prior
data[94],4.960535195004695e14,2.2183439428974268e16,4.9404066612984525e14,1972.6850833430074,1933.7808563078484,0.9990931064334109,,-1088.8603433770534,-252.0008523594526,1639.4230827756774,6991.308123976505,9937.292716121648,prior
data[95],4.835317334635294e17,2.162291925879762e19,4.81557476945264e17,1920.0328551653224,1941.6927577212573,1.0008159113624082,,-903.5649699168589,-170.3708516466475,1478.9715578431546,5927.244504217615,7897.106971473542,prior
data[96],2.250403200683862e35,1.0064109067024402e37,2.2413473606419976e35,2032.8339985160312,2057.6500420711477,0.9999701563039634,,-1004.690041956321,-259.7142019609436,1348.5383324252884,5528.184395968844,7611.51052076215,prior
data[97],5.421434056509694e27,2.4173953830172306e29,5.383689888729991e27,2055.836119715956,1971.586997315841,0.999727480172009,,-751.3340992166086,-82.45817596067751,1274.5230163136916,5467.064672343284,9350.932356152365,prior
data[98],4.113899489330063e39,1.8397898763057678e41,4.097340515620581e39,1859.4080911566343,1689.5733138236867,1.0015966936227194,,-770.33493767704,-35.52793191827281,1119.602127759092,4482.004454909334,9297.163432527424,prior
data[99],2.7167081614232104e40,1.2149488247941534e42,2.7057758651383573e40,2068.85170588509,1929.7792348056928,1.0011714068862179,,-614.2040321595882,-138.71913232549016,923.9181044858767,5111.317786792612,8791.992450947866,prior
data[100],2.2979752546068517e30,1.017276674301149e32,2.265519244599366e30,2104.41868102384,1755.4620146447537,0.9987630768023612,,-509.5164138621459,-130.00781478264,698.4329948845211,6257.725568830189,24371.548319760277,prior
data[101],5.0353633811809794e42,2.229435381237885e44,4.9650501711182615e42,2226.7637545089647,1716.005033536724,1.000613901295812,,-282.6625521648174,-19.61639522439606,460.8981462632236,15742.139320172768,146961.6634380787,prior
data[102],6.215853732218998e41,2.7783807171009575e43,6.187644161830284e41,2087.2774775681128,1779.6763696795767,0.9992811075641127,,-351.14904376032365,-34.0752527095395,377.2653487242445,20293.754301234472,317182.5502923574,prior
data[103],5.400625856517465e35,2.415222024999016e37,5.378868060558633e35,2124.0843901563862,1695.6308363968594,1.000473122050985,,-216.87342873020015,-4.223270601806074,167.1907745863892,320291.6570476734,2.0465169599012375e7,prior
data[104],2.2661638055570146e40,1.0134592634623424e42,2.2570445432891925e40,2092.833880877643,1948.9389125114328,0.9996971054301741,,-194.39124110686782,-3.490809866955808,89.70356267909756,5.086625103406546e6,5.148976423876266e8,prior
data[105],1.2476398225380829e39,5.5111892389942445e40,1.2273625966298206e39,2006.9136594323825,1649.606560764203,1.0000914084991785,,-81.22866219110908,-1.5053935480189982,52.85402134530679,3.400722623799984e7,2.622354784578347e10,prior
data[106],9.982869067447589e35,4.464474769058543e37,9.942697037205979e35,2173.9444890507343,1973.2521132833037,0.9997408477265932,,-854.7485175478472,-164.86988560751965,1173.8093620857726,7220.685291643876,10279.12507241524,prior
data[107],2.690088365780135e18,1.2030106611466596e20,2.679188655051545e18,2024.3342370136638,2013.2829906866498,0.9994485301379952,,-1075.783262633388,-275.07115073188015,1486.8160183026914,7828.345406688678,10526.78940966144,prior
data[108],1.0727854915085912e37,4.7976425685774675e38,1.0684684989770426e37,2090.7132137060125,1891.2410474861008,1.0008814814815277,,-873.5199572042833,-176.21913378625771,1647.8461385272767,7225.686432526142,9861.971526959289,prior
data[109],2.387627232531451e34,1.0677793593740023e36,2.3780191897190182e34,1928.9510154090713,1938.126546045717,1.0002893400610284,,-1043.1937696700884,-170.41440731376494,1618.661496871285,7320.577075494496,9957.774935020625,prior
data[110],2.0442756371462548e30,9.142278578811458e31,2.0360492743478845e30,2111.156303090854,1913.2358512529372,1.000030635445554,,-737.4328450611946,-147.8826364780151,1520.3919138749552,5932.335796491608,8138.923810817712,prior
data[111],1.8556501502864375e36,8.298719756996355e37,1.8481828346829365e36,1884.7178938095362,1986.5507698176286,0.9994888389362392,,-819.466208795972,-154.61019795524163,1359.632497118659,5467.889307140379,7848.769933539641,prior
data[112],1.6110461898290984e20,7.204818983499237e21,1.6045634947548473e20,2032.52486059662,2015.087086202573,1.0003237151650388,,-744.1612781906038,-158.4117535782266,1228.5813315401413,5184.21389426374,8308.201572538414,prior
data[113],7.377734310261844e26,3.2994121832192106e28,7.348021281388904e26,2115.0399213104465,2054.541847326158,0.9995109389909344,,-554.9394835960657,-0.814117433527374,1184.4466598682095,5042.52357391824,8700.657957100031,prior
data[114],2.067086779364127e30,9.135277910623676e31,2.0344619391794242e30,1998.1234326360898,1881.2061726426941,0.9993359455231857,,-680.9645730089803,-151.07002736901407,964.5863148765947,5595.411178010878,11376.226396223368,prior
data[115],8.489449432779024e36,3.753061922108878e38,8.358218205685347e36,1899.5689543750473,1744.5146503754052,1.0013425650547219,,-496.3419856659682,-66.99628861554069,716.5617233664309,7553.80949124291,22935.392442363955,prior
data[116],1.0773319607848528e47,4.817973826764991e48,1.0729964118345465e47,1797.8543498871445,1814.8333871022012,1.0007595696746183,,-288.72718227473814,-24.216910108795926,471.9509052186005,19406.00735132914,197773.14395977935,prior
data[117],1.2974116189924604e42,5.802201149134223e43,1.2921907090748014e42,2198.4441214070353,1895.3823088412735,1.001585615964519,,-245.1440378679091,-37.93784828743345,397.91139643344076,31647.70599550594,233891.14725243204,prior
data[118],1.1836464414309948e34,5.293423895999411e35,1.1788824613191642e34,1962.4934236090435,2056.6700328690454,1.0015370817334424,,-159.17531467113227,-3.3631989570237653,180.84382025340395,489604.27829781215,4.5404147660321e7,prior
data[119],9.469625472819227e41,4.234945255725222e43,9.431518784393969e41,1984.0871658667634,2104.9704268219048,1.0000417297775765,,-62.58142516229494,-0.015832150571863175,100.40966502958099,8.571469407892311e6,3.242030371684019e9,prior
data[120],3.136511551442448e40,1.3747370170477918e42,3.0615626172122675e40,1880.787780900143,2149.7469448338707,1.00179497412966,,-177.9281431026894,-2.5158490720123807,53.18141808707057,9.131886994754899e7,1.5403077262965375e11,prior
data[121],1.0114563572751106e20,3.84969891659619e21,8.571661656016675e19,2089.7172949936585,2063.7645871077157,0.9995784884008465,,-980.3177228354036,-117.60823649618771,1793.947587838728,9301.008208614128,12783.695378448429,prior
data[122],4.634362396882444e28,2.0725498698741419e30,4.6157132734785815e28,2081.700975342644,1969.8238725930998,1.0006794887714034,,-1129.7020560908795,-143.43454186319664,2095.3881522834963,8799.565162848881,12121.818460098964,prior
data[123],1.5365514600672717e38,6.871667029964269e39,1.530368228150713e38,1987.6022769878912,1931.2904487348087,0.9986866087019463,,-1401.6170425081568,-293.49485883406606,2201.644075257019,8189.41476421758,11115.615335334724,prior
data[124],2.1291544609690773e40,9.515344391028005e41,2.1191319552521516e40,1909.8178597455023,1893.3348400578366,0.9998608138429242,,-1408.673761746043,-123.90775262142486,2228.434587696069,8378.279997936872,11480.162282519368,prior
data[125],115919.1197776365,4.698523760950866e6,104628.52990221223,1972.0102716222475,2057.7268493691295,0.9994930638048277,,-1231.1734573344445,-188.9062475354721,2017.0807907492367,7156.339880091589,9811.4080497695,prior
data[126],2.437928657125879e8,1.0822221887473476e10,2.410163590805845e8,1737.4760227668764,1892.4804802148622,0.9997688513099978,,-1204.3210114031474,-272.95730409286597,1859.7396376231213,6599.15091782175,9244.44769622685,prior
data[127],2.8690934729342537e10,1.214189597235489e12,2.7039025426354023e10,2011.2336773931952,1932.4232433010525,1.0000820166534488,,-918.552146665987,-191.74991864484716,1692.1913792636938,6204.980898873584,8888.426691303024,prior
data[128],8.15584889228211e20,3.6474064968869967e22,8.12302894425586e20,2050.7305850888333,1895.1302450412443,0.9988826325942336,,-1123.6055126979259,-187.25606214005953,1529.5621885852465,5927.631337828538,8540.66462669201,prior
data[129],5.575914269612495e30,2.4936246687129243e32,5.553476251528714e30,1965.049027022412,1863.395627421316,0.9991473926401815,,-1028.180323597752,-257.2470839689465,1326.9971254700367,5753.721383154679,10044.493042857823,prior
data[130],3.3925227544845797e41,1.5171822988484691e43,3.378870914941493e41,2006.6514142680908,1850.2443929633694,0.9990381510553703,,-571.6460009378308,-123.97698944657657,1004.0771304501045,6325.3119778677365,14479.825014413453,prior
data[131],1.0631123276283115e27,4.754379413143796e28,1.0588334912935601e27,1889.8836165272041,1446.6645146295941,0.9996043501343725,,-534.921433634107,-67.93247440729047,647.5504582262238,11464.359246133234,44457.91916789302,prior
data[132],1.001933618925364e28,4.480783296276637e29,9.979017265875243e27,2061.114352202942,1464.0969742767768,0.9997699647733931,,-353.5980032737175,-24.65867453768287,586.6034811674476,18808.0809085308,97501.67276053323,prior
data[133],7.030707773184271e24,3.114975419851923e26,6.937192083987714e24,1974.952873010028,1634.8468783850212,0.9997341662794306,,-440.49704477528076,-26.20735239547252,261.10886057185814,164109.8917945631,2.9831506812206493e6,prior
data[134],2.0555204998999202e20,9.178629281705593e21,2.0441412381837935e20,1911.28650215254,1788.1509227965971,0.9999818366617048,,-134.70628455604074,-0.5395243488144639,143.7352359921834,2.298470696802759e6,9.641485268441923e7,prior
data[135],1.501495880213027e27,6.714028582457102e28,1.4952608224278428e27,1947.57845428565,1613.7297910735851,1.0026273215129735,,-221.4773747780601,-8.686585074446082,82.07645944707708,1.769725016232476e7,2.4321142617512865e9,prior
data[136],1.8302666902018596e12,7.910541887974486e13,1.7616609626236501e12,1900.5298302998663,1934.3558221781925,0.9996617920029259,,-1231.3950852831795,-264.3622844633832,1747.9100217156338,8919.20660890194,11704.004365060817,prior
data[137],1.1828233000233555e24,5.2897465481796466e25,1.1780634912750253e24,1948.1876230510225,1860.1324421286513,1.001181599595332,,-1491.6464592871557,-167.72385733229171,2194.8452793607466,8744.23566754929,11591.014052653114,prior
data[138],8.841704360686288e35,3.9541303974901596e37,8.806124487549111e35,1920.929896762018,1956.0944440250992,0.9996757258532936,,-1744.5241782570304,-396.3119569587818,2196.4938982473727,8289.001231367421,11442.157276493814,prior
data[139],6.692196796416231e27,2.9928413911185968e29,6.665266749525695e27,2136.3097401354275,2098.7864022697845,0.9990027569375861,,-2050.5877451619617,-352.6050544289003,2193.4779644634054,8227.18770244202,10252.2065490553,prior
data[140],3889.214297707362,56629.09554756835,1260.9069154637248,2026.9952272909886,2057.398767057449,0.9999989037042987,,-1339.4788438891405,-335.25964980915364,2120.218018473308,7105.926203523789,8531.99688383685,prior
data[141],232410.15236026823,1.0205038335807938e7,227271.65119958876,1892.587728678892,1638.5369840262226,1.000611642530493,,-1258.865776400869,-135.89572105569218,1887.6204643418343,6152.919318028725,7909.737847320504,prior
data[142],8.115643651893463e6,3.569822625734942e8,7.950236011718316e6,2087.051756563412,1845.5411789606824,1.0004915646272856,,-745.814011782575,-93.44507499186507,1718.8224114940972,5824.555954423536,7831.503309623438,prior
data[143],5.886372423246497e7,2.5561501525594635e9,5.69252563638451e7,1927.3272525605016,2053.584312388179,1.0021569588257928,,-1073.4658036274984,-276.29940778592754,1537.0335949467885,5165.909400957015,7025.38005498528,prior
data[144],2.201060813808163e12,7.780848359375645e13,1.7322476497139854e12,2032.9549021213818,1845.3421066888445,1.001961657899018,,-843.3857803666376,-195.06301255209755,1288.7444633230916,5320.8204054346115,8418.713972038326,prior
data[145],2.952952754532303e18,1.3180854601668842e20,2.9354618711653704e18,1950.8714392801023,1885.5250664695043,1.0029875943643085,,-531.4065072089418,-9.265781633422401,1000.5088279810265,5495.458118258921,10600.560237727295,prior
data[146],7.449309883197247e24,3.3314326562713514e26,7.419333138742027e24,1979.4914346484118,1638.358595018258,1.0001020497233526,,-416.22860711751395,-43.276410550481295,608.6460324176294,9518.191802133088,30347.930085941254,prior
data[147],1.4304735029763134e20,6.381293844486291e21,1.421154576487981e20,2061.082943144546,1700.8586074642883,1.0005043121602013,,-268.3288702236535,-5.38239106013862,514.1960731735101,15300.862126971906,59191.536245104115,prior
data[148],6.928032607651111e23,3.0983103277802225e25,6.900153435596783e23,1972.0127499108837,1737.4079227626137,0.9998838072903773,,-181.8071056904266,-14.644086935543532,210.68122727349254,125738.01679830447,1.5530383255499003e6,prior
data[149],9.629303499515171e22,4.3063554399549583e24,9.590554250802661e22,1869.9371545873937,1617.165118474951,0.9996600014385304,,-157.21124761049373,-3.0439759920234186,116.8989161805826,919112.6163374751,2.4436732078310285e7,prior
data[150],1.084765522115416e32,4.851218894196236e33,1.0804003207825098e32,1961.055253777613,1788.6576707936817,0.9995045223806378,,-74.92124275444502,-2.8007851160114554,68.33289055556959,5.366941189199122e6,2.7851589599861795e8,prior
