parameters,mean,std,mcse,ess_bulk,ess_tail,rhat,ess_per_sec,2.5%,25.0%,50.0%,75.0%,97.5%,distribution
σ,0.22898417366644208,0.016293653486681547,0.00038382997100736894,1844.7140504965018,1228.3231542018195,1.0035838826687566,0.01760755690405118,0.19884211735141347,0.217758235506183,0.22838949993501656,0.23912026702925465,0.2629487039758933,posterior
w[1],-0.037172919080741454,0.5439690952349555,0.014768865451375918,1371.4772975220567,1472.8039044011734,1.000968774853865,0.013090573334243565,-1.2043778819706088,-0.3787090243643555,0.001172159176997851,0.34069302133651685,0.9435929534538051,posterior
w[2],-0.030372843615042347,0.5221200207413056,0.0150710749218077,1186.8008991864722,1431.9083265760107,1.0012502968248298,0.01132786100945055,-1.1295523789720585,-0.3358558776322488,0.004059402234435482,0.31822419681427866,0.8785768472342225,posterior
w[3],0.009423220701044127,0.5048913318997077,0.013995637944008233,1286.7695138450304,1510.412128560729,1.0032968347455336,0.012282048500322629,-1.0748437539346611,-0.27599118797394573,0.02666760812736752,0.3399452039218885,0.9704149243598011,posterior
w[4],-0.0404089755859497,0.5233201776148921,0.014018073007314967,1380.0626489322372,1240.8256032028291,1.0016517390336213,0.013172519402500237,-1.1436394038093365,-0.35483976524946714,-0.015189408865785707,0.30184180199108746,0.9547357073181539,posterior
w[5],-0.05411148170689675,0.5406348140772189,0.01485770223774453,1326.2818698116455,1404.032112374217,1.0042136654957619,0.01265918882508356,-1.178021138371114,-0.4115519455132989,-0.018760573696762994,0.31487524016847634,0.9557736860434917,posterior
w[6],-0.04234276895778477,0.5106023106137205,0.015592374786446601,1088.9216764393807,1303.1058527808307,1.0029288466942468,0.01039361649400391,-1.0933074631131385,-0.37488578837436604,-0.00497051654709996,0.29790665811779604,0.9421168079293123,posterior
w[7],0.11763470668378607,0.7325851228322399,0.03439458210743553,466.8639897939415,827.1556077855287,1.006495662872618,0.004456156369891965,-1.2207302818832004,-0.3952123582029211,0.08996356320366786,0.6394972750810737,1.5308649832530807,posterior
w[8],0.13789999402751713,0.7397700194823192,0.0355636671695092,449.4617760534561,868.3386775263564,1.007013314491064,0.004290054491603789,-1.222904158105567,-0.3945355076277061,0.09624544201723385,0.706640778352022,1.500831296975679,posterior
w[9],0.23269599711401412,0.7600565651288966,0.043442215003624766,321.94937689939684,1055.9633805719907,1.0178715608595528,0.0030729651419168285,-1.159097218354742,-0.3405732267338739,0.2048450489934919,0.8449966739399326,1.575067252106476,posterior
w[10],0.1388465855549228,0.7354656338989985,0.03990351270688231,354.81149563185454,882.2647193072834,1.0170302903500656,0.003386629812825417,-1.1890028719913428,-0.4111940958379245,0.09877695312840667,0.6983638905065185,1.557178532498633,posterior
w[11],0.11438848246417185,0.7171158178727828,0.035933477835714094,415.7002279585046,666.7042937753026,1.000859892276448,0.0039678048838173025,-1.1861983910194716,-0.4106248443124089,0.06207083030332183,0.6352917617508316,1.5168902332506018,posterior
w[12],0.09826979041630864,0.7186070817024723,0.03022152344510119,589.5890590007182,856.3007123872444,1.0030020580453876,0.0056275512747176425,-1.2108140534064435,-0.4371549936803132,0.041434858981210285,0.6033922963358929,1.4709190806563333,posterior
w[13],-0.22270167230605842,0.6372903472184948,0.02806937109473819,523.8541828381315,1428.2374826567689,1.0075995227345387,0.00500012038790785,-1.4536849459129488,-0.6794805597520372,-0.2006959463856724,0.23933153856475203,0.9690703649460769,posterior
w[14],-0.25421834058159143,0.6582068971296354,0.02627347719129009,632.8174846953133,1272.2827072682962,1.0017948034176518,0.006040161004168811,-1.4694119444500993,-0.7345588262946454,-0.2512781960379552,0.22082511479080502,1.0295313869355993,posterior
w[15],-0.30355256809149445,0.65913799204883,0.02939075525836181,510.5002143962312,1265.2469362245663,1.0073981308482864,0.004872658487147471,-1.5630687569419657,-0.7957855192004429,-0.3104624422332284,0.1751886451842308,0.9253928930079764,posterior
w[16],-0.24598637003923535,0.6515995143795765,0.02648761389259356,610.8435054740448,1176.4219162529637,1.0047352352591057,0.005830422215957821,-1.4312195877255742,-0.728136185137917,-0.24995954585583607,0.2259931140384472,1.0061841854090292,posterior
w[17],-0.23584474996388993,0.6211198771921356,0.026303565876204096,568.372028319097,1173.2486900252097,1.0002920236139012,0.005425037462367649,-1.4462211129127986,-0.6661174749608645,-0.21358433681410477,0.19398282272611453,0.9615189711696712,posterior
w[18],-0.23983515438820358,0.6460711713787908,0.023328478163737437,769.6637813180232,1179.773186542289,1.0021764071262151,0.0073463411973778946,-1.4490405608551946,-0.6999212072439309,-0.24710875901946028,0.2096852022596143,1.008066157234219,posterior
w[19],-0.05806894954871741,0.5251549066329905,0.012456694565387753,1771.4731791189406,1374.1815231743929,1.0008931423356673,0.01690848226419813,-1.1514724387192132,-0.37453389415802485,-0.03267440301358529,0.2776217630894619,0.9491453984604495,posterior
w[20],-0.055953726215880455,0.5340343045821722,0.012126968701427314,1928.342445445339,1427.0638336706393,0.9999990846586658,0.018405779112235586,-1.117078705106121,-0.4061423836751604,-0.04690156803042224,0.2867682948789371,0.9835819293718776,posterior
w[21],-0.07845932514064358,0.4956869903536956,0.01193763221284061,1734.2705129457656,1685.401439944409,1.0052193524788158,0.0165533876296393,-1.1319111144254346,-0.3951239960574533,-0.06630549087509288,0.2417180799354894,0.8682991298944163,posterior
w[22],-0.05773643287363139,0.5088628381129838,0.012982718167173312,1535.6293163279279,1373.2140119895867,1.002997370481447,0.014657383112301758,-1.0951408703731116,-0.3687892838540314,-0.05621347869564426,0.27835583424879434,0.8915017465330489,posterior
w[23],-0.045095577788667664,0.532020593046025,0.013657631304961367,1527.7627149081723,1486.3254934859947,1.0025631957095464,0.014582297419696686,-1.1345932784478232,-0.3758933910764768,-0.03645233102744444,0.28091201997532045,1.0121121290476613,posterior
w[24],-0.06421031187545503,0.547517685272004,0.013570564917667735,1628.8008564140348,1139.0241381801868,1.0010211167948546,0.015546693405928388,-1.1350676343430601,-0.42507459419317284,-0.0688322102557919,0.2836303368499415,1.055152548365487,posterior
w[25],-0.12055203435603877,0.5550812980264618,0.01593183167557543,1214.4393263551783,1304.9553817187796,1.003023900305309,0.011591666220334312,-1.2099623812968665,-0.5006582312219158,-0.09633324718216825,0.2400520301177724,0.9165642035447426,posterior
w[26],-0.11271697848151005,0.5406262138728986,0.015685817127853028,1169.3631511257252,1429.2475471937587,0.9993953285730245,0.011161419960673656,-1.2049042842607076,-0.4638255199494279,-0.10758887103317712,0.25645762105681036,0.8980179297618353,posterior
w[27],-0.05464700343980773,0.5480653502670443,0.014518666489990763,1412.8922971593229,1358.5129938632272,1.0052913852649286,0.013485874146636767,-1.2049453994979915,-0.4006485188120346,-0.030381406930635645,0.32649806084925675,0.945668887274631,posterior
w[28],-0.0897751551545564,0.5555793386399924,0.015669540738145585,1247.973228109444,1461.2433036335674,1.0015066116548283,0.01191174297325663,-1.1961823009681567,-0.4565590960634181,-0.08190294942374711,0.28011263393720187,0.9807485228514987,posterior
w[29],-0.11741364162401192,0.5402861593781477,0.014964740322094055,1292.9456330857556,1423.5954837683269,1.0011518057448905,0.012340998759279027,-1.196304313356863,-0.4806995841641076,-0.10645748050190372,0.24861268836860648,0.9271618348115443,posterior
w[30],-0.1257007736719807,0.5479763870098057,0.015635756420277893,1237.5932185129693,1317.7223205081727,1.0026256239704394,0.011812667124842434,-1.2943112626906508,-0.4779443337377386,-0.10205048018639093,0.24548308964468654,0.8776961033379763,posterior
w[31],-0.001984730443697174,0.5666234500580846,0.012054574900407868,2211.3929760467167,1592.1445701289335,1.0017152547549548,0.021107459799789435,-1.0942239345049998,-0.38546294390886743,-0.011213079740192618,0.38988828563287625,1.1023112881728079,posterior
w[32],0.14286285630267867,0.6580646382388923,0.02989756451145103,485.5169318264719,830.0373073210266,1.0086462118070096,0.004634196287882154,-1.0808797468440747,-0.32605325815455405,0.12024263641975094,0.6134513686596593,1.4194168045988351,posterior
w[33],0.1544341509601951,0.539556844983209,0.021287109224369587,634.7411954806828,1146.9323468595906,1.002540036562022,0.006058522574684965,-0.9311429754096693,-0.2183347263540517,0.15203697502244273,0.5500200496103677,1.1274286026390756,posterior
w[34],0.038689115018686535,0.5907034316489406,0.014501308172611546,1684.478984939634,1416.9442121309037,1.0017302543227022,0.016078133937896855,-1.1267233267382062,-0.3616392345412507,0.05088529587745218,0.441327138518423,1.1317210903293882,posterior
w[35],0.072306669909324,0.5604039867782395,0.016229285904611417,1188.1088264607558,1582.1330785953398,1.0005807818737733,0.011340345006036423,-1.0119990515642203,-0.30439153747600706,0.07046105360323235,0.4591160800738794,1.1817168183947537,posterior
w[36],-0.02696537376063413,0.5719954414336682,0.013376850579739998,1827.3896104624337,1401.0828000955587,1.0033872553165157,0.017442197365726757,-1.167910994634661,-0.41654550695983583,-0.0318714060952999,0.36290472700112303,1.1032163708655418,posterior
w[37],0.14619665581762997,0.6828869038522973,0.026254686325100685,683.1775320880381,1107.034755382846,1.00296969441293,0.006520841139889281,-1.1338300237814452,-0.3431886808545526,0.1325769668248825,0.6304289585873479,1.4441526040958577,posterior
w[38],0.18444810395757197,0.5482945877329172,0.021152530638945777,672.9253863217863,1220.193421523752,1.0000599494066196,0.00642298573518885,-0.8903949503128445,-0.1827771717282801,0.1878272837618998,0.5843173270308457,1.1911523716156456,posterior
w[39],0.08260465355877446,0.5859876936046375,0.0158244812242975,1367.8821770974723,1463.9587221158047,1.0005136958400211,0.01305625837500327,-1.0678780539509665,-0.3080109087954777,0.0909110239624472,0.47636947673931296,1.2176776996145269,posterior
w[40],0.07658476013888052,0.5819848612975412,0.017776680735137686,1064.0048701341318,1219.621163379881,1.003489987629335,0.010155788802081246,-1.0980819016351695,-0.32129876704260685,0.09741238270590154,0.4834976493255928,1.2218830510016154,posterior
w[41],-0.017290094033379548,0.5665805973740914,0.013890929265332735,1653.7408810410702,1608.8657603265274,1.0004256378700584,0.01578474271372803,-1.1495973554420702,-0.38347460805307326,-0.02963940587363733,0.3454875924157901,1.1198751855354532,posterior
w[42],0.21725846755224748,0.7075559552540239,0.033437892202496815,452.8658396880296,1158.992097133111,1.009930283173874,0.0043225458385063795,-1.0993938660260376,-0.307890345859807,0.21252761186304933,0.7370961755471606,1.5767030844784502,posterior
w[43],0.18791083858349594,0.5558179638196518,0.02382329511129174,548.6336511245762,1140.0922974808855,1.0064309705986558,0.005236637206212712,-0.9593599739297671,-0.17823526130958608,0.21314647066316186,0.5999541221875038,1.145654521680471,posterior
w[44],0.08853943474212028,0.5904632434327132,0.01832535296374282,1027.2669017428163,1580.7121117924992,1.0037466656522271,0.009805129647717882,-1.0038639478445888,-0.31723790142088454,0.0760698195628456,0.4870589977149753,1.2814322174096913,posterior
w[45],0.11351015797176481,0.5850660107284743,0.01955882697564217,889.716994003659,1559.3350365019826,1.006038291886904,0.008492233577450325,-1.0303797976250237,-0.2857217918294827,0.09306727007644672,0.5370576053350375,1.2108435293607047,posterior
w[46],-0.04851057396216303,0.5879047280712942,0.015694140032952202,1410.836846878652,1571.0819429962369,1.0012423012535683,0.013466255139685192,-1.2151245364230214,-0.43912939563394326,-0.07042792881816251,0.33890514942682737,1.1248211273141764,posterior
w[47],0.1452663429267767,0.6774037141980758,0.028558375567419646,560.2604390520439,1056.9882949893943,1.006785061796997,0.005347613392461808,-1.1793207557074965,-0.3135412318361185,0.15040375450157698,0.6127736187566368,1.4458563856571982,posterior
w[48],0.1655163262778531,0.539590338156729,0.02298011333058803,552.1521327393882,1155.778156081245,1.0070435725308937,0.005270220657930872,-0.918916131898745,-0.2092214773869019,0.18328596366465194,0.5538856248138357,1.1569515734432894,posterior
w[49],0.053322729067092775,0.5846974977938945,0.0160779096155286,1342.1429878984657,1418.826664229618,1.003366062616665,0.0128105811447769,-1.1126994959193306,-0.33932896289733494,0.05148048781279985,0.451429699444563,1.1848653140600163,posterior
w[50],0.058403485055505897,0.5731015897162397,0.01749390902164768,1075.343811031497,1355.4265938481044,1.0021638309491183,0.01026401752567572,-1.0790125173261933,-0.3359247775632746,0.058814639657139976,0.4365188961108999,1.2549119299773337,posterior
w[51],-0.04139093237464807,0.5706375014049679,0.014497462949129451,1557.5058839063104,1427.9282863470385,1.0023842396483615,0.014866192118986571,-1.138066985524098,-0.4283129118315715,-0.04297932312895908,0.34095483174949565,1.0769653140600648,posterior
w[52],0.14546998553118318,0.6787204935297471,0.027361199264519104,627.3397439654004,789.805955030981,1.0002215210868712,0.005987876677727203,-1.1268408315560299,-0.32740927084969385,0.14667582983401928,0.5999533620038796,1.5069992299119839,posterior
w[53],0.13341104514047455,0.5385551227342805,0.02242261243031455,582.3806527798167,1276.9483563718077,1.0032604643125795,0.005558747970114483,-0.9178743151116531,-0.23984760994462276,0.14162976176358766,0.4906599212339204,1.155447929649861,posterior
w[54],0.060408850627765485,0.5733322416467235,0.013758343320374629,1753.291227850262,1748.5235864932238,1.000149886595568,0.016734937892102206,-1.0616840517283934,-0.33457037465636225,0.05865933547988371,0.45901639241734493,1.1495497240358716,posterior
w[55],0.03804675702255761,0.5565022783353496,0.01675349272838667,1097.2675641155474,1507.4897725011058,1.0010374858149473,0.01047327691190628,-1.0848338748349562,-0.33375946974241755,0.034513674014010565,0.4090403806086097,1.134407045717617,posterior
w[56],-0.039146095496876344,0.5703750852498884,0.013778420731668916,1730.111388503246,1545.4034337898595,1.001642863708429,0.016513689325030525,-1.1285453521928417,-0.4124041157464856,-0.059959446795177423,0.33135395423841213,1.083340957716166,posterior
w[57],0.1397664553458886,0.681860935219256,0.024427856811654276,789.5151846364791,1150.344914236391,1.004301875339423,0.007535820273260092,-1.1903156976528075,-0.3269557220617003,0.1084272030154941,0.6145125296208487,1.4738432347333528,posterior
w[58],0.14441693577576642,0.5218402832918997,0.019629542591340803,709.2054603174465,1135.7699996765225,1.0010146133956772,0.006769274346797702,-0.8746188424764437,-0.22865037620495893,0.16009480343148746,0.5136888293645939,1.1330710476480395,posterior
w[59],0.05652657095102125,0.5917580606398511,0.015336564137540774,1524.1322526244035,1485.221676953808,1.0001785045166722,0.014547645126983751,-1.0691547364579206,-0.3648539371994721,0.07989030658879037,0.4341572120306727,1.2008564622197204,posterior
w[60],0.07737585114554525,0.5825249913075394,0.01635301277522924,1282.266401235705,1096.9855742883194,1.0014344430508149,0.012239066873174125,-1.1462079720655836,-0.29442073191758,0.07034735279232367,0.4687980418238066,1.2062727870541161,posterior
w[61],0.22946044648394628,0.36572797121445144,0.009501793695227377,1492.3562555786054,1469.9993313801915,1.0015491070779536,0.01424434734702904,-0.48426030893972505,-0.00581580065887095,0.22887247560272916,0.46521599204098396,0.9533636096446623,posterior
w[62],-0.35116504354665745,0.4572284690542712,0.012956912046885684,1244.8532241173104,1387.1821026803952,1.0019557283403155,0.01188196293888351,-1.270181294340799,-0.6588675730447733,-0.3412991126649769,-0.03450248801586288,0.49399021326231785,posterior
w[63],-0.15999337692368062,0.272451634900669,0.009544266274326016,815.332387777326,1173.0481248738786,1.000114100253035,0.007782242136466241,-0.6912563541668163,-0.33678346044358465,-0.16772056257309373,0.008904348938825038,0.3819087262314824,posterior
w[64],0.013954712144729719,0.39627574537386034,0.012444499042129197,1021.8219382304918,1276.9590557778633,1.0017669519624202,0.009753158175576747,-0.8131893234986823,-0.233037255523235,0.021027740983018725,0.272817862952061,0.7635055040004931,posterior
w[65],0.10064665856302316,0.3765067830737524,0.010861127259482718,1195.4251466833448,1279.5866698382627,1.0000805255465337,0.011410178335821504,-0.6606804612249552,-0.14612818281005643,0.11053650844438394,0.3541145657697788,0.814491544430915,posterior
ω_CL,0.17075827437016083,0.1439538607447854,0.005754658723697771,581.1741203422503,825.8133028674032,1.0038721972420348,0.005547231774124477,0.007663325144174588,0.06948214171490258,0.13395540043534332,0.2287876975335074,0.5829239192760033,posterior
η_CL[1],0.37445362743509986,0.8792725488254424,0.018966353510531126,2159.6258472049713,1442.4089802087963,1.0014253701654192,0.02061334925371588,-1.340398254554356,-0.19831185641076987,0.3702422291572073,0.928675837162048,2.1783335151410927,posterior
η_CL[2],-0.7217207506173793,0.9494716087337625,0.02180112998020241,1904.6887837715633,1370.6088124167247,1.001846722403148,0.01818000797236809,-2.5475347484146327,-1.377592085321504,-0.7501057353951208,-0.0966807804311812,1.1939422266953663,posterior
η_CL[3],0.6600754772370228,0.821335152034224,0.020424385429310857,1644.3263684374592,1380.536656537615,0.9993686798358344,0.015694882409174393,-1.097591767474043,0.1442689165859853,0.7005770715080809,1.188636979596033,2.1734606345837806,posterior
η_CL[4],-0.0829746077051887,0.9039320178204859,0.021720530688213557,1713.4886041941434,1260.0140238996928,1.0102956883104497,0.01635502699980591,-1.8859480751432478,-0.688916200261176,-0.04457051657142886,0.5095230554866043,1.6607167779023215,posterior
η_CL[5],-0.05960553511579548,0.9246955620986022,0.021955337943382388,1776.950045424628,1528.306657343987,1.003230619478296,0.016960758244373656,-1.8263061793513473,-0.6930361123620258,-0.06775983958447038,0.5342183030307472,1.811886600084571,posterior
η_CL[6],0.00018385051058836764,0.9426893039347568,0.019269689894982796,2417.451874222606,1542.3800147440277,1.0023111109564034,0.023074265318640194,-1.7318765547438852,-0.637573717638557,-0.008165259883403383,0.638752883394011,1.8956687781056774,posterior
η_CL[7],0.4973682498426239,0.8178412038915049,0.01995980036035437,1701.244356157909,1465.1300738722966,1.0022192438817012,0.016238157236718623,-1.2124235076866212,-0.020501813721806275,0.5525463980498907,1.050246378340686,1.9857847550290444,posterior
η_CL[8],-0.5328538873906571,0.8910667284432016,0.021561647666309913,1719.3363804878693,1320.0453913295428,1.0004445781325941,0.01641084326782112,-2.289127934667366,-1.1186346111739343,-0.5368154040277597,0.025435527959634864,1.3010242719864717,posterior
η_CL[9],-0.10019545759906615,0.7921795834705042,0.021075987721193387,1408.0824217370296,1384.3793979937243,1.0021531668379307,0.013439964508133916,-1.6349567335250148,-0.617681611114106,-0.0982469236729624,0.40245468478545393,1.5475579071166532,posterior
η_CL[10],-0.09190735929527566,0.8124189220467949,0.017873307335795896,2063.3228877297583,1469.3469776330521,1.0011004587474357,0.019694149967229197,-1.7176809490814726,-0.6005155361766134,-0.08756003142052492,0.4200740103081734,1.5122534519765103,posterior
ω_V2,0.10104358833477005,0.06134571157414198,0.0021305075092330032,744.1324522360381,502.80115529943146,1.0098404343852587,0.007102647965071178,0.009549958728391587,0.05881704839880278,0.09286016591860077,0.13198570591800368,0.24758804324690262,posterior
η_V2[1],-0.24924019100775818,0.8617257320243915,0.019231324684759684,2021.8315084179346,1322.8396022134718,1.000727235903371,0.019298120120725955,-1.9700320513302652,-0.8224371454642536,-0.23297869868652343,0.3030430335551995,1.4379401947630897,posterior
η_V2[2],0.18967001571259232,0.8870292628611857,0.020835154375061473,1811.314883738512,1516.104334364847,1.0007976536198966,0.017288766179233465,-1.5801639562403171,-0.40813982895740336,0.19864165410180556,0.808268704177813,1.8827119914476982,posterior
η_V2[3],0.01894544963618533,0.8001527604548608,0.019041070893466072,1776.6440660432154,1496.1051327998307,1.0008252450475847,0.01695783771077213,-1.5232757143364348,-0.5361531767082559,-0.006653463723562292,0.5741941324640024,1.5499978908072722,posterior
η_V2[4],0.9856179756276695,0.8628154434218614,0.021345160190223447,1642.856826894218,1267.6527360504476,1.0021418943263725,0.015680855825304377,-0.825641781063088,0.439675791989108,0.9859669330967655,1.5788829142999727,2.6062576737706946,posterior
η_V2[5],0.2847748293396457,0.828761356921871,0.018989258685295354,1890.0548456583108,1566.0860209521204,1.0047657530673533,0.018040328926724074,-1.2866326262794714,-0.28605167583926117,0.2687591960847284,0.8282357926777059,2.0191905276034934,posterior
η_V2[6],0.18863260691211878,0.8774719020575499,0.020596548968988354,1829.9715568659528,1333.0049571413583,0.9999470793082814,0.01746684171004177,-1.5488736138858445,-0.3867254704269196,0.20733007175891624,0.7855106708958732,1.9362919595900816,posterior
η_V2[7],-0.590637371483055,0.7934552641198604,0.019962735276776247,1630.4053097011092,1486.3437570107233,1.0033564280730527,0.015562007704935571,-2.131380896054995,-1.101732216689609,-0.6121018303893767,-0.06314944914947683,0.9823464676508321,posterior
η_V2[8],0.12865877558319372,0.8491559134168792,0.020356419660917193,1729.6105575581942,1588.4435865020794,0.9992220812263736,0.016508908958468054,-1.5765209267618188,-0.39454023222846435,0.1350226815641027,0.6559689990187334,1.8708001607529747,posterior
η_V2[9],-0.8009484767530548,0.7273096429392093,0.02035018040564152,1356.0899868069102,986.3972031032444,1.0065796989753677,0.01294370344460168,-2.2259743661235083,-1.2548555064746743,-0.7924145982647667,-0.355129383655976,0.6073147640914801,posterior
η_V2[10],-0.1430806922153601,0.7639120003832095,0.02000916145924855,1462.542374154201,1286.1582109000371,1.0006227714541749,0.013959777706780708,-1.5929190298154945,-0.6386141306047177,-0.16586376480921616,0.3432345203376108,1.3984036657086132,posterior
ω_ka,0.4040676394965734,0.2152623394301183,0.006310934829096104,1089.4266648023345,1124.809056290397,1.0024201311300682,0.010398436542582278,0.04240218804081109,0.2414446492160281,0.3929053905603709,0.5433848441781647,0.8572918058167125,posterior
η_ka[1],-0.7862754616415948,0.8556473318155683,0.01886417346983386,2143.4365096855827,1290.6800506100456,1.001533388921608,0.020458824122010617,-2.369635650153211,-1.3327263858352816,-0.8640570573553695,-0.23996621955509329,1.0570888505202678,posterior
η_ka[2],0.5982730623353075,0.8321792508135107,0.017490677834125088,2286.9015628038096,1549.121579527763,1.000967441951979,0.02182817948949536,-1.1055105471074238,0.06457791479333129,0.6135277807762392,1.1436560427240514,2.2464132385637647,posterior
η_ka[3],0.37839130109598473,0.8289458153009281,0.01979643925030164,1782.0355845103095,1475.3474073797997,1.0022794979283294,0.01700929905687238,-1.1417973128283492,-0.18073800881069252,0.3417930511136752,0.9268314322155696,2.012106421561268,posterior
η_ka[4],-0.5871500315852968,0.8413996556624062,0.020426692009604765,1745.3136173143193,1423.4879076799791,1.0028747438629364,0.016658792631847826,-2.163324236014977,-1.1432890423630768,-0.6238487363071834,-0.07827366856047216,1.1707866670531004,posterior
η_ka[5],0.27966058473736494,0.8543725739136827,0.019176259404702304,1984.116975491064,1527.3217273530836,0.999227452317097,0.018938139784239194,-1.3698316578593754,-0.27731779034441345,0.24605798446710495,0.8291216777291143,2.0072209195252233,posterior
η_ka[6],-0.09074820753119196,0.8373044951222302,0.018043429057026633,2208.378897578124,1330.876454041521,1.0065911350536778,0.021078690810831642,-1.6670509513933922,-0.6681692832189473,-0.13407734127006402,0.4386402867744751,1.6791650107943288,posterior
η_ka[7],0.11106897725845914,0.7997457373520239,0.01832718755554475,1978.0976453066153,1603.5469255740184,1.0043825930319226,0.018880686056536287,-1.4154229951352957,-0.40419644528988463,0.08062155301522032,0.6033239832643975,1.8421648741813088,posterior
η_ka[8],-0.8842901225621781,0.8080905952248164,0.021585434986496604,1475.4025224979991,1252.282231275197,1.0026440811217574,0.014082526158605542,-2.370374040898889,-1.4312810063260475,-0.9405560361276779,-0.4006589018627299,0.9346660362034598,posterior
η_ka[9],0.8092528549289989,0.8181248381460131,0.0189262498187022,1932.4105862249446,1198.1725160484639,1.001880105317278,0.018444608989555227,-0.7933169111087219,0.2536959251931625,0.8024879157735241,1.322257349372114,2.436419323674726,posterior
η_ka[10],0.21725955988321938,0.8017212585776133,0.01732531357397635,2212.6866579470725,1297.601115528733,1.003236831180735,0.021119807826124534,-1.2829441615769657,-0.3133574182666111,0.17701640995059897,0.7380485146101761,1.8466573756088038,posterior
σ,0.5472489404522608,0.4767509893219671,0.010670421654403678,1958.176879081055,2082.1697234896105,1.000702828944388,62.84264695382076,0.016022190202915877,0.17105782836910305,0.40604251431755767,0.7971783372381318,1.7648621262185344,prior
w[1],0.03088561522102649,0.5967045168009548,0.013775710948227984,1887.1280838253642,1784.3813239301712,0.9992753027128684,60.56251873637241,-1.1286315956036876,-0.36464291149460515,0.02474238194232991,0.4270455170529417,1.2039102011416982,prior
w[2],-0.007685157466895856,0.6001849322106464,0.013238275824032766,2056.109862803944,1894.2152421976184,1.0009029232766644,65.98555400526136,-1.166820073954841,-0.4191431756559846,-0.0074495596860302835,0.4059688235386806,1.1536387486112287,prior
w[3],-0.007679256621225407,0.6132365767251889,0.014373387251030552,1818.402484872831,1741.4857448866978,1.0003088357052246,58.356947524802024,-1.1812559237400464,-0.4440624778722993,0.0008654190144477066,0.4117580743440369,1.2099136405980113,prior
w[4],0.011542040958207999,0.601416425595549,0.013871569900473252,1872.0808515383005,1963.7406216688385,1.0012521093618012,60.07961654487485,-1.1716372390530136,-0.38512782690963826,0.016421812393009837,0.4251551293295511,1.1596835056776134,prior
w[5],-0.0006742960106807944,0.585759549730051,0.01316934935073097,1982.2455037718698,1934.6309217716864,1.0001696430996247,63.615067515143444,-1.1360918046061124,-0.38623617925398585,-0.003039824099679297,0.38227869970933,1.161023374613168,prior
w[6],-0.02314451443115559,0.5962151758833203,0.014543456237602738,1683.491840392461,2053.7243712056293,1.0016096749077066,54.027337624918516,-1.1567253751383224,-0.41423400643818375,-0.04058492992965286,0.3600929186921142,1.1421212726190557,prior
w[7],-0.012146568308670147,0.6078640140928089,0.014081736450395862,1848.0719289940878,1764.0603882350224,1.0014307362630954,59.30911197028523,-1.1660495464654188,-0.42487758344465965,-0.01844428179459877,0.3898344431004867,1.1905985758217648,prior
w[8],0.012196804906038104,0.61217926164587,0.01352760691433084,2043.6308329599253,2056.7230156394044,1.0015835331107792,65.58507166110158,-1.225802984988178,-0.40353496803560107,0.014667593320350215,0.43553702084247986,1.160725601887313,prior
w[9],-0.006493881063975273,0.5844286583056032,0.013498284763506865,1876.4208849402291,1882.712922777331,0.9999845288818122,60.21889874647719,-1.1576119567188943,-0.38910439783475576,-0.011949272763355244,0.3952096361175583,1.1353932074261877,prior
w[10],-0.014094397969975797,0.6128559273263076,0.013188687829680915,2156.5487988110267,1873.9654874741316,0.9995289780977866,69.20888314541163,-1.1881590861813267,-0.4337657627454677,-0.0062831717645343375,0.39690801641926987,1.20941494320756,prior
w[11],-0.0012570707494078813,0.6021539820765974,0.01305762647732215,2139.260310291175,1856.3991756311668,1.0016261624361282,68.65405360369624,-1.2239694419636329,-0.4173205318568588,-0.011065111285792073,0.41568659396819335,1.2122655744113786,prior
w[12],-0.00038057124524231155,0.6023622902986145,0.013289215818708015,2057.8871961495165,1652.5885441477644,1.0011125493126427,66.04259294446459,-1.1908839472116328,-0.41388626026379227,0.01948153868337989,0.3998494731991093,1.1658260792636557,prior
w[13],-0.0031687946280632654,0.6169747276661234,0.014179468691907967,1892.3140985348682,1883.061585632015,1.0003914262059308,60.728950530644035,-1.2032823843527098,-0.40960180763756504,0.004249600579034807,0.4072396491930485,1.1868864013220637,prior
w[14],-0.024141555633234432,0.6040748946492128,0.013513369208832367,1996.1440631881733,2063.1647667729358,1.0022270976449303,64.06110600732264,-1.2054857450561842,-0.4372420463308862,-0.02060351467950066,0.3738943810113596,1.1767617939524218,prior
w[15],0.010019190829886046,0.6120996832927716,0.013855462685235829,1953.0349406921898,1876.0935141706102,1.0004826308277606,62.67762967561585,-1.2269534402870454,-0.3989148166341366,-0.0005686313408082727,0.4216474917638431,1.207756128241455,prior
w[16],0.0002477104630299545,0.5883993479018277,0.013000079736393857,2037.873715215801,1809.381362302528,0.9998129724003366,65.40031178484598,-1.1345360140591874,-0.4130498324703594,-0.006102038305417077,0.38973650986158503,1.1620521416614078,prior
w[17],-0.01210138281399341,0.602314288518721,0.013680430972816805,1941.1023050918914,1956.3404640830186,0.9995624708055838,62.29468244839189,-1.1955754328283588,-0.4278904915474142,-0.01786733038417106,0.42173920403949616,1.1245062815035807,prior
w[18],0.03445777150768806,0.5931568992652109,0.013608787223179883,1897.4547815796357,1817.678524493498,1.0036142841176237,60.89392752181116,-1.1877143706387754,-0.36501907144439666,0.041382208526903067,0.42475905083030646,1.1720694307626696,prior
w[19],-0.016125411592025827,0.61348056943893,0.013928828363656533,1935.5685967456,1926.5506771222872,1.0017405084236506,62.11709232174583,-1.2250640488363636,-0.43602762017062524,-0.012903465820404825,0.40327689197767297,1.1371871866539065,prior
w[20],-0.005057293202512783,0.5963433942847631,0.012605579342619723,2240.903167189205,1957.3268929939434,1.001255097044571,71.91601948617473,-1.2178501459750488,-0.3941280403417695,-0.007977405500347779,0.39910177891273185,1.1410461128112266,prior
w[21],0.0019248041646717745,0.6224243563264881,0.014169538104365645,1929.0024265150669,1852.5218577588032,0.9995497509161277,61.90636798828841,-1.2178158456398926,-0.41192197789209245,0.004408556652473092,0.40981951285092394,1.2401507871295505,prior
w[22],-0.01182611241789409,0.5876522348244433,0.01331802607305942,1951.9365062913212,2014.8910594648166,1.000371877923729,62.642378250684246,-1.0955935422761933,-0.4312945476451768,-0.022976032797007058,0.3908320314452063,1.1400661131820136,prior
w[23],-0.008500034445327462,0.6105653192721471,0.013605161002113482,2012.8462391841358,1978.1363839575788,1.0030314493095445,64.59711935764236,-1.2027515048154742,-0.4056984434000628,0.009416881680712332,0.38785047554975044,1.1672638979836722,prior
w[24],0.01699861826717405,0.5992043026953641,0.013287444745046157,2029.8448836026469,1905.8962925028386,0.9999939856194345,65.14264709892961,-1.173935638988523,-0.4088808137735044,0.02245345106091061,0.4321911276532842,1.1936175430787652,prior
w[25],-0.002621477871803928,0.5935685786904935,0.012593499886409676,2221.5485964493723,1894.1230231393777,1.00061733130557,71.29488435331747,-1.178038296605299,-0.4056225368817985,-0.01687514373736848,0.40282361133263506,1.233390853254135,prior
w[26],-0.0021852679739878017,0.5997644547933424,0.013496741118934905,1971.3326721737765,1771.0288025318944,1.0011102043220232,63.264848272585894,-1.1882376746182801,-0.4170907917208417,0.0017464124891354758,0.3868603577317057,1.2002836717356615,prior
w[27],0.012220965649236594,0.6040983525749942,0.013698768320693184,1936.244194139514,1853.6983265580632,0.999668165308863,62.13877388124243,-1.1736148932792663,-0.38876381148944256,0.016087800396860037,0.4154262161651404,1.1657416210638814,prior
w[28],0.002915152759292514,0.5898745800129047,0.01270620786264202,2156.9291778700604,2086.1857656005614,0.9993507690209089,69.22109043228691,-1.176429311262957,-0.39542547502427616,0.009999156413921009,0.3953414121009313,1.1572171676885066,prior
w[29],-0.025892623042016297,0.6089330001900023,0.014040200519000786,1873.4007281525774,1929.49057042704,0.9999374447225244,60.121974587695036,-1.1788134993814734,-0.4400816748830373,-0.014765209747070584,0.3944673985124263,1.146191373564786,prior
w[30],0.008969045259029052,0.5939365968842225,0.01372272869255708,1866.9385567744241,1839.231970759714,1.0005904195625788,59.9145878297312,-1.1339431799340665,-0.3867361672949283,-0.008891731176461682,0.41345094573556107,1.1652778401559776,prior
w[31],-0.007273278638004719,0.596802708292926,0.013423089756479063,1979.9277526642213,1845.2929498329977,1.0012182418145699,63.54068525880043,-1.1771183302249708,-0.4216906243358624,-0.01115283195355255,0.41158405105426865,1.1727079690609834,prior
w[32],0.013900511434844809,0.6136434725734436,0.013493785608418933,2061.961877719556,2014.4012418728887,1.000820509245031,66.17335936198832,-1.1810577462977419,-0.39134813214419917,0.008847800720567452,0.4265790779875285,1.2400545022006761,prior
w[33],-0.02247977989710416,0.6096046915323021,0.013194590689982704,2125.177126449971,1739.8114157749872,1.0003086506072107,68.20209006578855,-1.2316122205836795,-0.4253198614322116,-0.027219923686422367,0.36933228850529504,1.1552939796356314,prior
w[34],0.0075731866158583565,0.5956642212211206,0.012971903769266364,2116.862424187931,2057.7967484116393,1.0003817875152154,67.93525109717365,-1.1607848704070587,-0.3947021388847567,0.01017244358794937,0.4182505223900747,1.1746390354457894,prior
w[35],-0.004540637631502918,0.5930915961243267,0.012897475374092334,2109.6848896832294,2103.98792504281,1.0024579140361995,67.70490660087385,-1.1485191547996259,-0.4005090210100808,0.002463138854900326,0.3867700460777703,1.1857924393463963,prior
w[36],0.002416542925496569,0.60890778858421,0.01319795469433266,2127.161560579351,1804.3907233946084,1.000552340532201,68.26577537160946,-1.1686991917199003,-0.40514444350658885,-0.011032856484860026,0.4134527194278586,1.203918836836192,prior
w[37],-0.010473538112964198,0.6144758862277223,0.0133706528413306,2109.842623412054,1641.0326162899726,1.0040059549323288,67.70996865892343,-1.2280690058839867,-0.4136666758144446,-0.007078963826781692,0.3987172293437469,1.1738588027624228,prior
w[38],-0.01791858498411729,0.5908548850567082,0.013172057751309984,2015.3235603722474,1862.4076184234814,1.0022993142096257,64.67662260501436,-1.1571536447598787,-0.4195701102206235,-0.011115278509093081,0.36428729367504475,1.159367863230121,prior
w[39],-0.018416705040591636,0.5868863214842055,0.012925403082619177,2064.287588286467,1968.5597622903622,1.0004405482460506,66.24799705669021,-1.1839312639741506,-0.42413922894558936,-0.02025518263655046,0.37830303953248606,1.13195621889741,prior
w[40],0.0013361402300803773,0.596670122220096,0.01349151563777096,1952.7753918153658,1835.5051955700205,1.0008124107021898,62.66930012244434,-1.1311487219577019,-0.40820399093734827,-0.004577032989067278,0.38915122377327466,1.167771097154569,prior
w[41],0.014332107175421193,0.5970441556117988,0.013476400163644394,1969.0470476806665,1932.6324877570164,1.0008123955534058,63.1914970372486,-1.112958397975509,-0.39633485313301564,0.013938263624297165,0.40954470941695376,1.1775507345349832,prior
w[42],0.01026958303742066,0.6002115929582813,0.014346419480113209,1752.7712272365152,1652.153370488836,1.0005178646853865,56.25068123352103,-1.172346427632536,-0.38388207933597124,0.005341068262761527,0.41756782060288683,1.1625731609756633,prior
w[43],0.003603947020775843,0.612136082482958,0.0135885002876322,2032.059630158785,1977.8082601368926,1.0015166391997594,65.21372368930632,-1.1568266857948966,-0.4184892300400417,-0.0011774314014625135,0.4252805303594387,1.162399119868236,prior
w[44],0.01211107019266218,0.592888678429998,0.012937631798484365,2102.97385218181,2057.553659287947,1.0006470002793695,67.48953312521854,-1.1263062942984396,-0.39890576097858776,0.02893996787691433,0.40989256787678546,1.212056410969084,prior
w[45],0.0046283962681765494,0.6020616765580726,0.013333298181877059,2038.3562410423908,1943.7229281466164,1.000086297769303,65.41579720931935,-1.155742372326271,-0.40314089856541246,0.010067346392031615,0.4152168354411041,1.1773944207186515,prior
w[46],-0.05167375629675665,0.5903724582473503,0.013376336041332171,1951.4472941507224,1836.3498507225554,1.0031050233437093,62.62667824617209,-1.2374307692380462,-0.4374530566499844,-0.04629078226181162,0.3399105097874749,1.1094057261867214,prior
w[47],0.006153597326115842,0.6060134935745815,0.013657252430209384,1947.4594510666038,1810.4962623031533,1.002281308851955,62.49869868634801,-1.1198119659756718,-0.43143066353662074,0.004218414126742915,0.4288661677474757,1.1913913208614038,prior
w[48],-0.014061379232477687,0.5959440793841752,0.013223108950885184,2031.9072720262884,2008.4421149229836,1.0013831108135354,65.20883414718512,-1.167472853213408,-0.43089274300679503,-0.01732280229983382,0.38744013778925024,1.149689510286447,prior
w[49],-0.024865614583520795,0.6083028789526892,0.013925990484560287,1903.8909415857065,2038.251558544922,1.0011194485017851,61.10047951173641,-1.1930109737534575,-0.43392475021014193,-0.02847115110034366,0.3927395835544054,1.1364828337053465,prior
w[50],0.0035725757838821143,0.6034595068479699,0.013225950499027913,2106.9451374311907,1933.4714752687955,1.000243075958885,67.6169813039535,-1.1608237371424086,-0.400369366210552,0.009072896104872673,0.40602586406381785,1.231522637641935,prior
w[51],0.010744098221892663,0.6085591803472015,0.013377371770952298,2071.855295825978,2012.9907493751814,1.0006734967135906,66.49086315230994,-1.1719892042695252,-0.3893376753767716,0.01761725558947215,0.40211178915572676,1.212282903645479,prior
w[52],-0.009473447158498079,0.597172838426982,0.013404500937979855,1981.6523154630838,2054.173134152247,0.9991720140113645,63.596030663128495,-1.1775954205910955,-0.42059252423683025,-0.014378156451805915,0.4058352563660427,1.1486303521609502,prior
w[53],0.011883089555355792,0.6020645311530352,0.013445612004676437,2003.5413948271944,1822.9414412204944,0.9991723633485673,64.29850432693178,-1.212740395726669,-0.39872046584476,0.02461568677062282,0.4351032199653886,1.1906139090103283,prior
w[54],0.02694466209922999,0.582153158880609,0.012924771451581392,2024.2625625966473,2055.34648116097,1.0011393232706023,64.9634968740901,-1.0991736743631897,-0.3644206709204561,0.023422958217512002,0.4043265571368786,1.1814859187676525,prior
w[55],-0.016776182926429663,0.6041435513499416,0.01351175715941982,2000.1664336265735,1795.0213716459496,1.0012493560753708,64.19019363371545,-1.1576295292682186,-0.42544960666024545,-0.017971492459485015,0.38051248804105653,1.2308918383997633,prior
w[56],0.03690970487908479,0.6063909766472911,0.013885278824560372,1908.8522744089757,1880.1738642619607,1.0027009853228985,61.2597007191584,-1.1782566056075687,-0.3652212421782943,0.05103739190343701,0.4331724453338117,1.2246086945234036,prior
w[57],0.01259872250256231,0.5899564921461918,0.013505479436374049,1909.8478421750447,1857.5969350574705,1.0004146031047567,61.29165090420554,-1.1607953985320776,-0.37514209004019927,0.033118068555921795,0.38991774423283937,1.1558042558162658,prior
w[58],0.006261065714114644,0.6029959766893381,0.013377999662376712,2025.9729884794933,1834.0083761969433,1.0005902927205592,65.01838859048438,-1.180665665738311,-0.39508348430107476,-0.0034965001203601928,0.40798162579177244,1.1770801418158414,prior
w[59],-0.018584348009171577,0.5996307411269716,0.013437118502456121,1992.036014890842,2010.7990366664872,1.0000461099327531,63.92926877056617,-1.1666733506712992,-0.43345701469831877,-0.020780407280487127,0.39320240820728564,1.18875952327436,prior
w[60],-0.001418168194157528,0.6056182827799204,0.014098456881701865,1851.0800877186507,1787.667033512846,1.003727327002057,59.40565108211331,-1.1564656456292657,-0.4158878143514184,-0.015368094579727576,0.39901653557588534,1.2126176604679766,prior
w[61],0.00737418251643018,0.6122390383336226,0.014300186887536365,1829.9008670613393,1933.5156633104493,1.0011878357988235,58.72595850646147,-1.2612473861597613,-0.3992032530568712,0.002357391984908044,0.42471258154185765,1.206503709542937,prior
w[62],-0.002101942095461018,0.5976303853894169,0.012819454440673174,2171.9613927778814,1729.1889626603904,1.0012922627187768,69.7035106796496,-1.1699342861040791,-0.40702746051256844,-0.0022913380962860577,0.3997665627682578,1.1700118074192016,prior
w[63],-0.010743854612981874,0.5890039646207198,0.012828851788785109,2070.077565348972,2016.0680755281048,1.0000548707381118,66.4338114681955,-1.194955488978964,-0.40404440940379915,-0.019100043945094083,0.3916789456194998,1.145758900907637,prior
w[64],-0.002970341623898452,0.5939769253657786,0.01336470176064017,1980.9848857239858,2054.626595352343,1.00006419074027,63.5746112234912,-1.1847601216060304,-0.387091396189126,-0.0007300106627838723,0.39849622033312687,1.152189643667351,prior
w[65],0.006664520577866793,0.5916858440332536,0.013066856534603018,2049.166584887725,1754.7512750364067,0.998886816180562,65.76272737123637,-1.1821215005365093,-0.3863427273474853,0.001994115639464779,0.39815192984528136,1.1887113434668817,prior
ω_CL,0.36540826752293465,0.26445196845456787,0.005765188464793489,2128.428535616887,1941.1819066925736,1.0002628206835067,68.3064356744829,0.012847770908146396,0.1398130448645694,0.31184028699806415,0.5524456879059775,0.9352131333814098,prior
η_CL[1],0.016455751990854355,0.9963261377548835,0.022337198986014235,1981.837303054927,1916.3191483390754,1.001505055619438,63.601967363765304,-1.9207376772792182,-0.6793285999030454,4.000259233793383e-6,0.6932932477252124,1.9999824167297577,prior
η_CL[2],-0.024586717128616223,0.9686597774912767,0.02198500413518893,1955.6955012106323,1874.9014300719705,1.0021445422615345,62.763013517671126,-1.990830943319294,-0.6445043152355487,-0.04962098523105549,0.6216533953261493,1.8418493170689851,prior
η_CL[3],-0.0016907923808095339,1.0065301353080096,0.022737868049221267,1969.6499009321724,1712.357419131633,1.0007428319298455,63.210844060724405,-2.0017967706206994,-0.6785281163409757,0.025967108861700686,0.6591917402979621,1.9792850927594163,prior
η_CL[4],0.004785479147964255,1.0243124693032484,0.023340768506660635,1935.4207185067994,2023.524360252627,1.001209926860026,62.112346550282396,-1.9324760651550137,-0.6851848827510227,-0.020504838734897664,0.6666006402344806,2.1290590282839,prior
η_CL[5],0.011344861127179254,1.0087613240807978,0.02339785401038212,1820.626828272206,1928.1101254514913,1.0018297132182716,58.428332101161935,-1.8709611757343172,-0.7144237415834751,0.013436551511632124,0.7078334506441962,2.0028800553613655,prior
η_CL[6],-0.021970223327650657,1.0053658998385084,0.023473298370170294,1833.2543509219058,1895.1302450412443,0.9991729141202188,58.8335799397274,-1.9029191987240464,-0.7317642663888813,0.014333057772150121,0.6386209636931158,1.965188661698039,prior
η_CL[7],0.02506537406900304,1.006055936751168,0.023112101697155305,1898.0623022491745,1945.7122019178075,1.001728121280749,60.91342433405566,-1.8995848134189401,-0.6881850591796446,0.03218483358925148,0.6859338611714044,2.042767328046204,prior
η_CL[8],0.016431114491881747,1.0077307847286425,0.023205730341744328,1885.5658601243938,1935.7121726086903,0.9994174556045183,60.51238318756078,-1.9545141123491647,-0.6472419053902619,0.024484133448602487,0.7113126316996816,1.9643238782200616,prior
η_CL[9],0.006987713735381931,0.9827356515456672,0.021555598827007205,2077.8018329487345,1908.3968072924415,0.9991023095787841,66.68170195599276,-1.9272614203998644,-0.6129690772430125,0.0029303901454919385,0.6581235708259785,1.9036655321334388,prior
η_CL[10],0.006055419656644859,1.0071207979680394,0.023414521628738885,1854.9130440613294,1867.3951071501092,1.0017752393496333,59.52865995062033,-2.0026865114278656,-0.7047558248754877,0.0090297119906597,0.6605055766453747,2.0110023197509315,prior
ω_V2,0.35818264302048,0.2570403362292964,0.005724060150961819,2033.9591697119781,1932.09505291069,1.000532385548985,65.27468452220725,0.014478652435521024,0.1448970871145211,0.3012891489205386,0.5339526757726338,0.9364765820420349,prior
η_V2[1],0.03873832352967273,0.9960620645561966,0.022970379702178922,1889.0497297791878,2009.1937863969963,1.0009251085443227,60.62418901730385,-1.9503843531109974,-0.6303269441059498,0.06204344630279472,0.7059274206822004,2.0350226350697107,prior
η_V2[2],-0.053571676670819274,1.0074078551230248,0.0222305229191601,2058.3457183438845,1818.8440988249351,1.0028468322043924,66.05730803414264,-2.01674826948398,-0.7348848391831085,-0.044439546509081475,0.6242644108383715,1.92933666358011,prior
η_V2[3],-0.0042982813887890384,0.9995223443049132,0.02403995899240062,1730.8087332030423,1893.7457405940106,0.9989827163853513,55.545851514860146,-1.9553081892079467,-0.675131533760847,0.01819494972440624,0.6762220195747667,1.902117385620014,prior
η_V2[4],0.0024242569618364174,0.9873146221394667,0.021329747718334936,2145.3430661395937,2013.724502475451,1.0004957839720439,68.84926399677772,-1.9830500552377255,-0.6625822066111413,0.030540113089627056,0.6672844108657314,1.86305022321216,prior
η_V2[5],-0.007467958070360096,0.9843530430929837,0.022375444527169948,1946.786580255221,1744.376211611405,1.0022125610888901,62.47710462950003,-2.007245335603582,-0.6539680636135476,0.015404079426731283,0.6468848931976285,1.8643600801702516,prior
η_V2[6],0.003048439346157204,1.0115045819215174,0.0235098755620199,1866.4309260487516,1810.3427628074185,1.0005575440660068,59.89829672813709,-1.9409117766435329,-0.6847320062927048,-0.04036737442780765,0.7257253729909001,1.9753973608010533,prior
η_V2[7],0.011272866318987874,1.0077703720427043,0.023404420375801087,1854.0833850694355,1801.1616275571596,1.0004032533061449,59.50203418066224,-1.95617505022847,-0.6668616037908554,0.006147551990499298,0.6894405540191636,1.9861406732565807,prior
η_V2[8],0.012727310454273905,1.002837222362373,0.021520520297137566,2167.33172205334,1847.4443476021697,1.0005834067284725,69.5549333136502,-1.8968707933105815,-0.674901504559847,-0.007440130939274091,0.7133267729632998,1.9253524100232375,prior
η_V2[9],-0.018163857209740158,1.0078223675648068,0.02314500809715071,1903.382545729787,1797.0428364781533,1.0013312780080308,61.08416385525632,-2.0616327050911556,-0.655699182249242,-0.020845563366032695,0.6625336360131524,1.9944370487485101,prior
η_V2[10],-0.0032983094732850003,1.0071856435098128,0.023122424676900656,1900.8654955826175,1973.7634808452606,1.000203290526994,61.003385609198254,-1.9666485610662636,-0.6913601635984248,-0.0015989090650266264,0.6925719210789021,1.9686907598466308,prior
ω_ka,0.3700993901892049,0.26801521312137905,0.00583011870794041,2127.690803333601,2004.336998919941,1.0015972102972048,68.28276005563545,0.01177077342721783,0.13975074540432605,0.3123810892733392,0.5557216415741193,0.9446259147395524,prior
η_ka[1],-0.025993467530722254,0.9574630743006974,0.02161915968068953,1966.837774871078,1846.9644697510885,1.0007803960750794,63.12059611267901,-1.8845912895805688,-0.7203725858489985,-0.00147958429895227,0.6254898734839918,1.8580461738076683,prior
η_ka[2],0.06406516409581002,0.9873348556524453,0.02405418618758074,1682.396243241771,1722.7113170295083,1.0002173181791927,53.99217725422885,-1.8598787728837571,-0.5928375601541782,0.040659414476366555,0.7514311131084208,2.0407857242182263,prior
η_ka[3],-0.023979346165755352,1.0004389988116535,0.022063375165280716,2051.625662669437,2090.040528582774,1.0013329688843358,65.84164514343509,-1.9672487355528814,-0.7062699268586197,-0.018715774731164578,0.6421400875562565,1.9611330962787257,prior
η_ka[4],-0.0341018185843536,0.9782727326142742,0.021736713072659817,2022.6384571245353,1981.355676974644,1.0003414731591334,64.91137538910576,-1.905548367232201,-0.7132359374754674,-0.03888570923197024,0.6419085320488553,1.910473013351851,prior
η_ka[5],0.024075317097239857,0.9977143262582009,0.021828366291279995,2082.780627639049,1931.6183569096347,1.0001773249546944,66.841483557094,-1.8275371788917034,-0.6617907007881135,0.003812084257117946,0.7181333021816472,1.9361900019967406,prior
η_ka[6],0.010462272255297637,0.9701208263949004,0.021763606907905162,1988.3452471131416,1973.0656992640702,1.000041600926597,63.81082307808541,-1.9287372780344643,-0.6320426789385943,0.012196014867170856,0.6548206724870725,1.9245696970596966,prior
η_ka[7],-0.03942177793410069,1.007932695667876,0.02362126915831829,1820.8562557400867,1970.7408291751692,1.0010616983987088,58.43569498524027,-2.0394507902533174,-0.7177607839183713,-0.03567943348944495,0.6455096132502309,1.9297939531357688,prior
η_ka[8],0.00934188029942294,1.0180516763655665,0.022404890165294462,2064.5198366367836,2010.4597080986216,0.9996676117594484,66.2554504697299,-2.027513232905364,-0.6955942446908878,0.03682994189257146,0.6781261798510958,2.067843660406598,prior
η_ka[9],0.0071758891780988624,0.9903194065319584,0.021783994939520008,2068.675880297022,1999.0798153462833,0.9995322728704715,66.3888279941278,-1.9412050939250394,-0.6661034886022668,0.016272691318300787,0.6712025596817649,1.9481394774489231,prior
η_ka[10],0.0037345567580642485,0.9974813683540229,0.02207035278611022,2045.8367015518002,1755.9951087725394,0.9996843631228398,65.65586333606548,-1.8825892902022578,-0.6820388557020831,0.024254742894141285,0.6636145505555053,1.967536878172582,prior
